#META: VIDEO=Videos\MVI_1636.MP4, ROI=(639, 0, 113, 745), TIMESTAMP=20260107_180619
#OUTLIERS:
trajectory_id,point_index,frame_num,x,y
0,0,3201,702,14
0,1,3202,700,27
0,2,3203,700,46
0,3,3204,702,60
0,4,3205,702,76
0,5,3207,700,109
0,6,3208,700,126
0,7,3209,702,144
0,8,3210,703,163
0,9,3211,702,185
0,10,3212,703,202
0,11,3213,703,222
0,12,3214,704,243
0,13,3215,702,263
0,14,3216,706,286
0,15,3217,704,306
0,16,3218,704,329
0,17,3219,704,352
0,18,3220,706,374
0,19,3221,706,398
0,20,3222,707,422
0,21,3223,707,446
0,22,3224,707,469
0,23,3225,708,494
0,24,3226,709,520
0,25,3227,708,544
0,26,3228,709,570
0,27,3229,710,596
0,28,3230,711,623
0,29,3231,712,650
0,30,3232,711,677
0,31,3233,712,704
1,0,4586,696,14
1,1,4587,696,27
1,2,4588,699,43
1,3,4589,700,59
1,4,4590,698,76
1,5,4591,700,92
1,6,4592,699,107
1,7,4593,699,124
1,8,4594,702,144
1,9,4595,703,165
1,10,4596,703,184
1,11,4597,702,202
1,12,4598,703,221
1,13,4599,703,241
1,14,4600,703,262
1,15,4601,704,284
1,16,4602,702,305
1,17,4603,703,326
1,18,4604,702,351
1,19,4605,704,373
1,20,4606,704,396
1,21,4607,705,418
1,22,4608,705,441
1,23,4609,706,464
1,24,4610,707,490
1,25,4611,709,516
1,26,4612,708,541
1,27,4613,709,566
1,28,4614,709,592
1,29,4615,709,616
1,30,4616,710,644
1,31,4617,711,671
1,32,4618,711,696
2,0,5151,691,18
2,1,5152,691,33
2,2,5153,692,49
2,3,5154,694,65
2,4,5155,694,81
2,5,5156,692,98
2,6,5157,693,115
2,7,5158,694,132
2,8,5159,696,151
2,9,5160,694,171
2,10,5161,695,191
2,11,5162,694,208
2,12,5163,695,228
2,13,5164,695,251
2,14,5165,694,271
2,15,5166,697,295
2,16,5167,696,316
2,17,5168,697,338
2,18,5169,697,361
2,19,5170,697,384
2,20,5171,698,408
2,21,5172,698,432
2,22,5173,698,456
2,23,5174,697,480
2,24,5175,699,505
2,25,5176,699,531
2,26,5177,700,556
2,27,5178,700,582
2,28,5179,699,609
2,29,5180,701,636
2,30,5181,701,663
2,31,5182,702,690
2,32,5183,702,716
3,0,5509,687,25
3,1,5510,689,39
3,2,5511,689,55
3,3,5512,687,70
3,4,5513,689,86
3,5,5514,688,104
3,6,5515,688,121
3,7,5516,690,138
3,8,5517,691,157
3,9,5518,689,176
3,10,5519,692,196
3,11,5520,690,214
3,12,5521,692,235
3,13,5522,693,257
3,14,5523,692,277
3,15,5524,694,300
3,16,5525,693,321
3,17,5526,694,345
3,18,5527,694,367
3,19,5528,696,390
3,20,5529,697,414
3,21,5530,698,438
3,22,5531,698,461
3,23,5532,698,485
3,24,5533,700,511
3,25,5534,701,537
3,26,5535,701,563
3,27,5536,702,589
3,28,5537,703,614
3,29,5538,702,641
3,30,5539,705,670
3,31,5540,706,696
4,0,5901,690,14
4,1,5902,689,25
4,2,5903,690,42
4,3,5904,692,59
4,4,5905,690,74
4,5,5906,690,90
4,6,5907,691,109
4,7,5908,692,124
4,8,5909,694,145
4,9,5910,693,165
4,10,5911,694,186
4,11,5912,695,203
4,12,5913,695,223
4,13,5914,694,245
4,14,5915,695,265
4,15,5916,697,290
4,16,5917,697,309
4,17,5918,697,334
4,18,5919,698,356
4,19,5920,699,380
4,20,5921,699,403
4,21,5922,699,427
4,22,5923,699,452
4,23,5924,700,475
4,24,5925,700,501
4,25,5926,700,527
4,26,5927,700,552
4,27,5928,699,579
4,28,5929,701,606
4,29,5930,702,632
4,30,5931,703,660
4,31,5932,704,687
4,32,5933,705,714
5,0,6472,684,24
5,1,6473,685,39
5,2,6474,688,53
5,3,6475,686,67
5,4,6476,687,85
5,5,6477,686,100
5,6,6478,687,117
5,7,6479,689,134
5,8,6480,688,155
5,9,6481,688,171
5,10,6482,690,191
5,11,6483,689,209
5,12,6484,689,229
5,13,6485,690,250
5,14,6486,691,268
5,15,6487,691,292
5,16,6488,692,312
5,17,6489,691,336
5,18,6490,692,356
5,19,6491,692,378
5,20,6492,693,401
5,21,6493,693,425
5,22,6494,694,448
5,23,6495,694,469
5,24,6496,695,493
5,25,6497,696,518
5,26,6498,695,543
5,27,6499,696,570
5,28,6500,697,595
5,29,6501,698,619
5,30,6502,699,646
5,31,6503,701,674
5,32,6504,701,699
6,0,6869,687,11
6,1,6870,690,22
6,2,6871,688,37
6,3,6872,686,51
6,4,6873,688,66
6,5,6874,689,79
6,6,6876,690,110
6,7,6877,691,126
6,8,6878,691,144
6,9,6879,692,160
6,10,6880,691,176
6,11,6881,692,194
6,12,6882,694,210
6,13,6883,694,229
6,14,6884,696,248
6,15,6885,697,264
6,16,6886,697,283
6,17,6887,698,302
6,18,6888,699,321
6,19,6889,701,341
6,20,6890,703,360
6,21,6891,704,380
6,22,6892,705,401
6,23,6893,706,421
6,24,6894,707,442
6,25,6895,709,463
6,26,6896,710,484
6,27,6897,711,505
6,28,6898,712,528
6,29,6899,712,550
6,30,6900,715,573
6,31,6901,716,596
6,32,6902,716,618
6,33,6903,717,642
6,34,6904,719,665
6,35,6905,720,689
6,36,6906,720,711
7,0,10728,664,14
7,1,10729,664,27
7,2,10730,665,43
7,3,10731,665,56
7,4,10732,667,71
7,5,10733,665,89
7,6,10734,664,107
7,7,10735,665,124
7,8,10736,666,141
7,9,10737,666,160
7,10,10738,665,180
7,11,10739,668,201
7,12,10740,664,219
7,13,10741,667,239
7,14,10742,665,260
7,15,10743,669,280
7,16,10744,667,303
7,17,10745,666,325
7,18,10746,667,347
7,19,10747,668,370
7,20,10748,670,391
7,21,10749,670,414
7,22,10750,671,439
7,23,10751,672,464
7,24,10752,672,488
7,25,10753,672,513
7,26,10754,673,538
7,27,10755,675,563
7,28,10756,676,589
7,29,10757,678,615
7,30,10758,678,642
7,31,10759,679,669
7,32,10760,681,696
8,0,11105,666,12
8,1,11106,664,24
8,2,11107,667,38
8,3,11108,666,55
8,4,11109,666,70
8,5,11111,665,104
8,6,11112,665,121
8,7,11113,665,139
8,8,11114,665,158
8,9,11115,667,179
8,10,11116,665,197
8,11,11117,666,215
8,12,11118,667,237
8,13,11119,666,258
8,14,11120,667,278
8,15,11121,667,301
8,16,11122,668,321
8,17,11123,667,345
8,18,11124,668,368
8,19,11125,670,390
8,20,11126,670,413
8,21,11127,671,437
8,22,11128,672,462
8,23,11129,673,487
8,24,11130,674,511
8,25,11131,675,536
8,26,11132,675,562
8,27,11133,677,588
8,28,11134,678,615
8,29,11135,679,641
8,30,11136,682,668
8,31,11137,683,695
9,0,11696,675,13
9,1,11697,676,24
9,2,11698,676,40
9,3,11699,677,54
9,4,11700,676,70
9,5,11701,675,84
9,6,11702,673,98
9,7,11703,675,117
9,8,11704,675,134
9,9,11705,675,152
9,10,11706,675,170
9,11,11707,677,190
9,12,11708,675,209
9,13,11709,675,227
9,14,11710,677,248
9,15,11711,676,266
9,16,11712,678,289
9,17,11713,678,309
9,18,11714,678,331
9,19,11715,679,354
9,20,11716,680,375
9,21,11717,680,397
9,22,11718,682,421
9,23,11719,682,444
9,24,11720,683,467
9,25,11721,683,490
9,26,11722,684,515
9,27,11723,684,540
9,28,11724,685,565
9,29,11725,686,589
9,30,11726,687,617
9,31,11727,689,642
9,32,11728,690,669
9,33,11729,691,695
10,0,12182,676,12
10,1,12183,675,22
10,2,12184,675,38
10,3,12185,676,53
10,4,12186,675,69
10,5,12188,675,103
10,6,12189,674,121
10,7,12190,676,138
10,8,12191,675,157
10,9,12192,676,175
10,10,12193,676,196
10,11,12194,676,214
10,12,12195,677,235
10,13,12196,677,257
10,14,12197,679,277
10,15,12198,678,300
10,16,12199,680,322
10,17,12200,680,345
10,18,12201,681,368
10,19,12202,682,389
10,20,12203,684,414
10,21,12204,685,438
10,22,12205,684,462
10,23,12206,684,485
10,24,12207,686,510
10,25,12208,686,536
10,26,12209,687,561
10,27,12210,688,588
10,28,12211,688,614
10,29,12212,690,640
10,30,12213,690,667
10,31,12214,691,694
10,32,12215,692,721
11,0,12605,667,17
11,1,12606,668,28
11,2,12607,670,45
11,3,12608,670,61
11,4,12609,668,75
11,5,12610,668,92
11,6,12611,668,107
11,7,12612,671,126
11,8,12613,673,142
11,9,12614,671,161
11,10,12615,670,178
11,11,12616,674,196
11,12,12617,673,214
11,13,12618,673,233
11,14,12619,675,254
11,15,12620,678,273
11,16,12621,678,294
11,17,12622,680,313
11,18,12623,680,335
11,19,12624,681,357
11,20,12625,682,379
11,21,12626,685,399
11,22,12627,686,421
11,23,12628,688,444
11,24,12629,690,467
11,25,12630,691,491
11,26,12631,692,515
11,27,12632,693,538
11,28,12633,692,563
11,29,12634,694,588
11,30,12635,694,611
11,31,12636,695,637
11,32,12637,697,664
11,33,12638,698,688
11,34,12639,699,714
12,0,13563,675,11
12,1,13564,676,25
12,2,13565,676,39
12,3,13566,677,57
12,4,13567,677,70
12,5,13568,674,89
12,6,13569,674,104
12,7,13570,677,122
12,8,13571,678,139
12,9,13572,679,158
12,10,13573,678,176
12,11,13574,680,197
12,12,13575,680,215
12,13,13576,681,235
12,14,13577,681,256
12,15,13578,682,277
12,16,13579,683,299
12,17,13580,683,319
12,18,13581,682,341
12,19,13582,684,364
12,20,13583,685,386
12,21,13584,687,410
12,22,13585,687,432
12,23,13586,688,455
12,24,13587,688,479
12,25,13588,688,504
12,26,13589,690,529
12,27,13590,690,554
12,28,13591,691,579
12,29,13592,691,605
12,30,13593,692,628
12,31,13594,693,655
12,32,13595,694,684
12,33,13596,695,710
13,0,14068,680,13
13,1,14069,681,25
13,2,14070,681,42
13,3,14071,682,57
13,4,14072,681,71
13,5,14074,678,105
13,6,14075,680,122
13,7,14076,680,139
13,8,14077,681,159
13,9,14078,683,179
13,10,14079,682,198
13,11,14080,681,216
13,12,14081,683,238
13,13,14082,682,259
13,14,14083,685,280
13,15,14084,684,302
13,16,14085,683,324
13,17,14086,684,347
13,18,14087,685,370
13,19,14088,686,393
13,20,14089,687,418
13,21,14090,688,442
13,22,14091,688,466
13,23,14092,689,490
13,24,14093,690,516
13,25,14094,691,542
13,26,14095,693,572
13,27,14096,693,593
13,28,14097,696,613
13,29,14098,694,647
13,30,14099,696,673
13,31,14100,696,701
14,0,14429,677,17
14,1,14430,680,31
14,2,14431,679,46
14,3,14432,678,62
14,4,14433,673,77
14,5,14434,678,95
14,6,14435,675,112
14,7,14436,679,129
14,8,14437,678,147
14,9,14438,679,167
14,10,14439,680,187
14,11,14440,680,205
14,12,14441,680,224
14,13,14442,681,246
14,14,14443,681,266
14,15,14444,681,289
14,16,14445,683,310
14,17,14446,682,332
14,18,14447,684,355
14,19,14448,686,377
14,20,14449,686,401
14,21,14450,687,426
14,22,14451,687,450
14,23,14452,688,473
14,24,14453,688,498
14,25,14454,689,524
14,26,14455,690,548
14,27,14456,690,574
14,28,14457,690,602
14,29,14458,691,627
14,30,14459,699,655
14,31,14460,699,673
14,32,14461,697,708
15,0,14929,677,15
15,1,14930,677,28
15,2,14931,678,43
15,3,14932,678,60
15,4,14933,678,74
15,5,14934,678,91
15,6,14935,678,110
15,7,14936,679,126
15,8,14937,680,145
15,9,14938,681,165
15,10,14939,680,186
15,11,14940,682,203
15,12,14941,681,222
15,13,14942,684,242
15,14,14943,686,264
15,15,14944,686,286
15,16,14945,686,308
15,17,14946,686,331
15,18,14947,685,354
15,19,14948,688,377
15,20,14949,689,401
15,21,14950,690,425
15,22,14951,691,450
15,23,14952,691,474
15,24,14953,690,500
15,25,14954,692,525
15,26,14955,693,551
15,27,14956,692,576
15,28,14957,695,605
15,29,14958,695,630
15,30,14959,695,659
15,31,14960,696,685
15,32,14961,697,713
16,0,15549,672,14
16,1,15550,673,28
16,2,15551,674,44
16,3,15552,676,60
16,4,15553,674,74
16,5,15554,675,91
16,6,15555,676,107
16,7,15556,676,123
16,8,15557,676,141
16,9,15558,676,160
16,10,15559,677,178
16,11,15560,680,198
16,12,15561,679,216
16,13,15562,680,237
16,14,15563,680,257
16,15,15564,683,278
16,16,15565,684,299
16,17,15566,685,319
16,18,15567,687,342
16,19,15568,688,363
16,20,15569,689,385
16,21,15570,691,408
16,22,15571,692,431
16,23,15572,693,453
16,24,15573,694,476
16,25,15574,695,500
16,26,15575,696,525
16,27,15576,698,549
16,28,15577,699,574
16,29,15578,701,600
16,30,15579,701,622
16,31,15580,703,652
16,32,15581,705,677
16,33,15582,706,703
17,0,16048,680,9
17,1,16049,679,17
17,2,16050,678,32
17,3,16051,679,48
17,4,16052,680,63
17,5,16054,679,95
17,6,16055,680,110
17,7,16056,682,127
17,8,16057,684,145
17,9,16058,684,164
17,10,16059,684,184
17,11,16060,685,201
17,12,16061,686,218
17,13,16062,688,241
17,14,16063,689,261
17,15,16064,689,283
17,16,16065,690,304
17,17,16066,690,327
17,18,16067,690,349
17,19,16068,691,373
17,20,16069,693,396
17,21,16070,694,419
17,22,16071,695,443
17,23,16072,697,466
17,24,16073,696,490
17,25,16074,698,516
17,26,16075,691,539
17,27,16076,698,567
17,28,16077,698,594
17,29,16078,698,619
17,30,16079,700,646
17,31,16080,701,673
17,32,16081,701,702
18,0,16480,686,13
18,1,16481,686,25
18,2,16482,684,42
18,3,16483,685,58
18,4,16484,683,71
18,5,16485,683,90
18,6,16486,681,105
18,7,16487,683,121
18,8,16488,683,141
18,9,16489,682,160
18,10,16490,685,179
18,11,16491,683,200
18,12,16492,682,218
18,13,16493,684,237
18,14,16494,683,260
18,15,16495,685,282
18,16,16496,684,304
18,17,16497,684,326
18,18,16498,684,349
18,19,16499,686,373
18,20,16500,686,396
18,21,16501,687,420
18,22,16502,687,441
18,23,16503,686,467
18,24,16504,687,492
18,25,16505,686,518
18,26,16506,686,544
18,27,16507,687,570
18,28,16508,687,596
18,29,16509,686,622
18,30,16510,689,650
18,31,16511,691,677
18,32,16512,691,705
19,0,16880,673,14
19,1,16881,673,27
19,2,16882,675,44
19,3,16883,675,60
19,4,16884,675,74
19,5,16886,674,107
19,6,16887,677,124
19,7,16888,678,143
19,8,16889,679,162
19,9,16890,680,182
19,10,16891,680,200
19,11,16892,680,217
19,12,16893,682,238
19,13,16894,683,261
19,14,16895,685,282
19,15,16896,686,303
19,16,16897,686,325
19,17,16898,685,349
19,18,16899,688,373
19,19,16900,690,394
19,20,16901,692,417
19,21,16902,692,442
19,22,16903,695,466
19,23,16904,695,489
19,24,16905,696,515
19,25,16906,697,540
19,26,16907,697,565
19,27,16908,699,592
19,28,16909,703,613
19,29,16910,706,641
19,30,16911,706,665
19,31,16912,704,701
20,0,17296,676,13
20,1,17297,673,24
20,2,17298,673,39
20,3,17299,676,56
20,4,17300,675,72
20,5,17301,675,87
20,6,17302,675,103
20,7,17303,675,120
20,8,17304,675,139
20,9,17305,676,157
20,10,17306,675,177
20,11,17307,678,196
20,12,17308,678,215
20,13,17309,679,237
20,14,17310,679,257
20,15,17311,682,278
20,16,17312,680,300
20,17,17313,681,320
20,18,17314,682,344
20,19,17315,683,367
20,20,17316,686,390
20,21,17317,686,413
20,22,17318,687,437
20,23,17319,688,461
20,24,17320,689,484
20,25,17321,690,509
20,26,17322,691,535
20,27,17323,692,561
20,28,17324,692,588
20,29,17325,694,612
20,30,17326,696,639
20,31,17327,697,666
20,32,17328,696,694
21,0,17761,679,15
21,1,17762,679,29
21,2,17763,678,44
21,3,17764,679,62
21,4,17765,678,76
21,5,17766,675,90
21,6,17767,676,108
21,7,17768,676,126
21,8,17769,678,145
21,9,17770,678,164
21,10,17771,676,182
21,11,17772,679,203
21,12,17773,678,221
21,13,17774,679,243
21,14,17775,678,263
21,15,17776,680,286
21,16,17777,680,307
21,17,17778,680,329
21,18,17779,681,352
21,19,17780,683,376
21,20,17781,684,399
21,21,17782,684,422
21,22,17783,684,446
21,23,17784,686,470
21,24,17785,686,495
21,25,17786,686,520
21,26,17787,687,546
21,27,17788,689,573
21,28,17789,689,596
21,29,17790,689,623
21,30,17791,691,651
21,31,17792,693,677
21,32,17793,694,706
22,0,18118,673,18
22,1,18119,673,32
22,2,18120,675,48
22,3,18121,675,63
22,4,18122,675,77
22,5,18123,672,92
22,6,18124,672,110
22,7,18125,675,128
22,8,18126,676,147
22,9,18127,677,165
22,10,18128,678,186
22,11,18129,678,204
22,12,18130,680,224
22,13,18131,680,244
22,14,18132,683,263
22,15,18133,685,287
22,16,18134,684,308
22,17,18135,683,328
22,18,18136,686,352
22,19,18137,689,375
22,20,18138,685,397
22,21,18139,690,422
22,22,18140,692,446
22,23,18141,695,470
22,24,18142,694,492
22,25,18143,695,518
22,26,18144,697,544
22,27,18145,698,570
22,28,18146,699,596
22,29,18147,700,621
22,30,18148,700,650
22,31,18149,702,677
22,32,18150,703,705
23,0,18500,676,17
23,1,18501,677,32
23,2,18502,676,47
23,3,18503,677,62
23,4,18504,676,76
23,5,18505,676,94
23,6,18506,675,110
23,7,18507,676,127
23,8,18508,676,146
23,9,18509,677,164
23,10,18510,680,185
23,11,18511,680,203
23,12,18512,680,221
23,13,18513,681,242
23,14,18514,682,262
23,15,18515,683,285
23,16,18516,683,305
23,17,18517,682,326
23,18,18518,683,349
23,19,18519,685,372
23,20,18520,687,394
23,21,18521,689,418
23,22,18522,690,441
23,23,18523,691,465
23,24,18524,692,489
23,25,18525,693,513
23,26,18526,694,539
23,27,18527,696,564
23,28,18528,697,590
23,29,18529,697,615
23,30,18530,698,641
23,31,18531,699,670
23,32,18532,700,698
24,0,18889,679,17
24,1,18890,677,29
24,2,18891,678,44
24,3,18892,681,61
24,4,18893,682,74
24,5,18895,681,104
24,6,18896,684,124
24,7,18897,686,141
24,8,18898,689,161
24,9,18899,690,180
24,10,18900,689,198
24,11,18901,692,218
24,12,18902,691,237
24,13,18903,692,259
24,14,18904,696,280
24,15,18905,695,302
24,16,18906,695,323
24,17,18907,697,346
24,18,18908,698,369
24,19,18909,699,392
24,20,18910,699,416
24,21,18911,701,440
24,22,18912,701,464
24,23,18913,701,488
24,24,18914,701,512
24,25,18915,701,538
24,26,18916,702,564
24,27,18917,704,595
24,28,18918,704,615
24,29,18919,706,637
24,30,18920,704,670
24,31,18921,705,697
25,0,19314,673,10
25,1,19315,675,19
25,2,19316,674,33
25,3,19317,677,50
25,4,19318,676,65
25,5,19319,677,79
25,6,19320,676,98
25,7,19321,676,114
25,8,19322,676,130
25,9,19323,680,150
25,10,19324,678,170
25,11,19325,680,190
25,12,19326,680,209
25,13,19327,682,226
25,14,19328,682,250
25,15,19329,683,269
25,16,19330,686,293
25,17,19331,685,313
25,18,19332,686,336
25,19,19333,687,359
25,20,19334,690,383
25,21,19335,690,406
25,22,19336,691,429
25,23,19337,692,453
25,24,19338,694,477
25,25,19339,695,502
25,26,19340,696,526
25,27,19341,696,552
25,28,19342,701,580
25,29,19343,707,607
25,30,19344,702,631
25,31,19345,703,654
25,32,19346,703,685
26,0,19788,680,17
26,1,19789,679,31
26,2,19790,678,45
26,3,19791,681,63
26,4,19792,681,77
26,5,19793,678,93
26,6,19794,679,109
26,7,19795,677,128
26,8,19796,678,146
26,9,19797,678,166
26,10,19798,680,185
26,11,19799,679,204
26,12,19800,680,223
26,13,19801,679,244
26,14,19802,677,264
26,15,19803,680,287
26,16,19804,680,309
26,17,19805,680,332
26,18,19806,681,354
26,19,19807,683,377
26,20,19808,684,400
26,21,19809,684,424
26,22,19810,686,448
26,23,19811,686,472
26,24,19812,686,497
26,25,19813,687,522
26,26,19814,689,547
26,27,19815,689,573
26,28,19816,689,599
26,29,19817,690,625
26,30,19818,695,654
26,31,19819,693,681
26,32,19820,697,709
27,0,20182,679,15
27,1,20183,675,27
27,2,20184,679,42
27,3,20185,679,55
27,4,20186,680,73
27,5,20187,678,88
27,6,20188,677,104
27,7,20189,678,116
27,8,20190,681,141
27,9,20191,681,161
27,10,20192,682,180
27,11,20193,680,199
27,12,20194,681,217
27,13,20195,682,239
27,14,20196,682,259
27,15,20197,685,281
27,16,20198,683,303
27,17,20199,683,324
27,18,20200,683,347
27,19,20201,684,369
27,20,20202,685,393
27,21,20203,685,415
27,22,20204,686,440
27,23,20205,688,464
27,24,20206,687,487
27,25,20207,689,512
27,26,20208,689,538
27,27,20209,689,564
27,28,20210,690,590
27,29,20211,692,615
27,30,20212,694,642
27,31,20213,695,669
27,32,20214,697,697
28,0,22414,702,22
28,1,22415,703,36
28,2,22416,703,50
28,3,22417,703,64
28,4,22418,704,78
28,5,22419,704,93
28,6,22420,705,111
28,7,22421,705,127
28,8,22422,707,144
28,9,22423,708,162
28,10,22424,707,179
28,11,22425,707,200
28,12,22426,708,215
28,13,22427,711,235
28,14,22428,710,254
28,15,22429,710,275
28,16,22430,710,295
28,17,22431,710,315
28,18,22432,710,337
28,19,22433,710,359
28,20,22434,710,380
28,21,22435,710,401
28,22,22436,711,424
28,23,22437,711,446
28,24,22438,712,470
28,25,22439,712,492
28,26,22440,713,516
28,27,22441,713,540
28,28,22442,714,565
28,29,22443,713,588
28,30,22444,714,614
28,31,22445,716,639
28,32,22446,716,665
28,33,22447,716,691
28,34,22448,718,717
29,0,24045,694,11
29,1,24046,696,21
29,2,24047,694,31
29,3,24048,696,49
29,4,24049,696,65
29,5,24050,696,79
29,6,24051,696,95
29,7,24052,695,111
29,8,24053,693,124
29,9,24054,697,147
29,10,24055,696,166
29,11,24056,698,184
29,12,24057,698,202
29,13,24058,700,222
29,14,24059,699,243
29,15,24060,700,262
29,16,24061,701,283
29,17,24062,700,305
29,18,24063,699,326
29,19,24064,699,349
29,20,24065,700,371
29,21,24066,701,392
29,22,24067,702,415
29,23,24068,703,439
29,24,24069,704,464
29,25,24070,704,488
29,26,24071,704,510
29,27,24072,705,536
29,28,24073,705,561
29,29,24074,706,586
29,30,24075,708,612
29,31,24076,709,636
29,32,24077,709,663
29,33,24078,710,690
29,34,24079,712,718
30,0,25767,667,21
30,1,25768,669,36
30,2,25769,669,49
30,3,25770,670,66
30,4,25771,669,77
30,5,25772,669,98
30,6,25773,670,114
30,7,25774,670,131
30,8,25775,672,151
30,9,25776,671,168
30,10,25777,672,188
30,11,25778,670,207
30,12,25779,670,226
30,13,25780,671,246
30,14,25781,672,266
30,15,25782,673,289
30,16,25783,672,309
30,17,25784,672,331
30,18,25785,671,353
30,19,25786,674,376
30,20,25787,675,398
30,21,25788,677,420
30,22,25789,677,445
30,23,25790,678,469
30,24,25791,678,492
30,25,25792,680,517
30,26,25793,682,542
30,27,25794,683,567
30,28,25795,685,593
30,29,25796,686,619
30,30,25797,688,644
30,31,25798,688,670
30,32,25799,689,697
31,0,26249,672,21
31,1,26250,675,36
31,2,26251,677,49
31,3,26252,680,66
31,4,26255,682,115
31,5,26256,684,132
31,6,26257,683,150
31,7,26258,684,168
31,8,26259,685,187
31,9,26260,686,204
31,10,26261,685,223
31,11,26262,685,244
31,12,26263,686,263
31,13,26264,688,284
31,14,26265,687,305
31,15,26266,686,326
31,16,26267,685,348
31,17,26268,685,370
31,18,26269,684,394
31,19,26270,683,417
31,20,26271,684,439
31,21,26272,684,462
31,22,26273,685,486
31,23,26274,684,510
31,24,26275,684,534
31,25,26276,683,558
31,26,26277,684,583
31,27,26278,685,609
31,28,26279,685,634
31,29,26280,686,660
31,30,26281,686,686
31,31,26282,686,712
32,0,27416,670,10
32,1,27417,668,18
32,2,27418,671,34
32,3,27419,671,48
32,4,27420,673,64
32,5,27421,673,78
32,6,27422,672,95
32,7,27423,675,109
32,8,27424,671,127
32,9,27425,674,144
32,10,27426,672,163
32,11,27427,672,180
32,12,27428,674,200
32,13,27429,675,219
32,14,27430,673,237
32,15,27431,674,257
32,16,27432,676,278
32,17,27433,676,299
32,18,27434,677,319
32,19,27435,675,342
32,20,27436,676,363
32,21,27437,678,386
32,22,27438,679,407
32,23,27439,680,431
32,24,27440,682,455
32,25,27441,683,476
32,26,27442,683,500
32,27,27443,684,523
32,28,27444,685,549
32,29,27445,686,573
32,30,27446,688,599
32,31,27447,690,623
32,32,27448,691,649
32,33,27449,693,675
32,34,27450,694,700
33,0,27879,672,16
33,1,27880,673,30
33,2,27881,673,44
33,3,27882,674,60
33,4,27883,675,75
33,5,27884,674,91
33,6,27885,672,107
33,7,27886,673,123
33,8,27887,674,139
33,9,27888,673,158
33,10,27889,674,177
33,11,27890,675,196
33,12,27891,676,213
33,13,27892,675,232
33,14,27893,674,253
33,15,27894,674,272
33,16,27895,675,293
33,17,27896,676,314
33,18,27897,675,337
33,19,27898,676,359
33,20,27899,678,380
33,21,27900,678,403
33,22,27901,679,426
33,23,27902,681,448
33,24,27903,681,471
33,25,27904,683,494
33,26,27905,684,519
33,27,27906,685,543
33,28,27907,686,568
33,29,27908,688,594
33,30,27909,689,617
33,31,27910,691,644
33,32,27911,692,668
33,33,27912,693,695
34,0,28405,665,13
34,1,28407,668,40
34,2,28408,670,56
34,3,28409,670,70
34,4,28410,671,85
34,5,28412,671,117
34,6,28413,672,133
34,7,28414,674,152
34,8,28415,676,170
34,9,28416,680,190
34,10,28417,679,208
34,11,28418,679,226
34,12,28419,683,246
34,13,28420,683,266
34,14,28421,688,288
34,15,28422,686,308
34,16,28423,683,329
34,17,28424,686,352
34,18,28425,687,373
34,19,28426,687,396
34,20,28427,690,419
34,21,28428,690,442
34,22,28429,689,466
34,23,28430,691,489
34,24,28431,690,513
34,25,28432,690,537
34,26,28433,691,561
34,27,28434,691,587
34,28,28435,690,612
34,29,28436,692,637
34,30,28437,692,663
34,31,28438,691,689
34,32,28439,693,714
35,0,28815,669,15
35,1,28816,671,28
35,2,28817,671,40
35,3,28818,672,57
35,4,28819,672,73
35,5,28820,670,90
35,6,28821,670,104
35,7,28822,672,122
35,8,28823,673,135
35,9,28824,674,157
35,10,28825,673,175
35,11,28826,674,193
35,12,28827,674,212
35,13,28828,673,228
35,14,28829,674,250
35,15,28830,675,270
35,16,28831,677,291
35,17,28832,677,310
35,18,28833,677,333
35,19,28834,678,355
35,20,28835,679,376
35,21,28836,681,399
35,22,28837,682,422
35,23,28838,683,445
35,24,28839,684,468
35,25,28840,685,492
35,26,28841,686,515
35,27,28842,685,538
35,28,28843,687,565
35,29,28844,687,590
35,30,28845,688,616
35,31,28846,688,641
35,32,28847,688,667
35,33,28848,689,694
35,34,28849,692,719
36,0,29272,672,13
36,1,29273,672,25
36,2,29274,673,38
36,3,29275,675,52
36,4,29276,676,68
36,5,29277,676,82
36,6,29278,675,99
36,7,29279,676,115
36,8,29280,676,131
36,9,29281,677,150
36,10,29282,676,164
36,11,29283,680,186
36,12,29284,679,203
36,13,29285,679,221
36,14,29286,681,241
36,15,29287,681,262
36,16,29288,683,282
36,17,29289,683,303
36,18,29290,682,323
36,19,29291,684,346
36,20,29292,686,369
36,21,29293,686,391
36,22,29294,687,413
36,23,29295,688,436
36,24,29296,688,460
36,25,29297,688,484
36,26,29298,688,507
36,27,29299,688,532
36,28,29300,689,556
36,29,29301,689,581
36,30,29302,689,607
36,31,29303,688,632
36,32,29304,692,659
36,33,29305,693,684
36,34,29306,695,710
37,0,29678,673,14
37,1,29679,675,26
37,2,29680,675,39
37,3,29681,677,55
37,4,29682,676,69
37,5,29683,676,85
37,6,29684,678,101
37,7,29685,679,118
37,8,29686,681,133
37,9,29687,680,152
37,10,29688,682,170
37,11,29689,682,189
37,12,29690,683,207
37,13,29691,683,226
37,14,29692,683,243
37,15,29693,686,266
37,16,29694,688,286
37,17,29695,688,308
37,18,29696,687,328
37,19,29697,689,351
37,20,29698,690,373
37,21,29699,691,396
37,22,29700,693,418
37,23,29701,693,441
37,24,29702,693,465
37,25,29703,693,489
37,26,29704,694,513
37,27,29705,694,538
37,28,29706,695,563
37,29,29707,695,589
37,30,29708,696,614
37,31,29709,697,640
37,32,29710,697,666
37,33,29711,698,692
37,34,29712,699,719
38,0,30809,675,13
38,1,30810,676,26
38,2,30811,677,39
38,3,30812,676,52
38,4,30813,681,67
38,5,30814,682,82
38,6,30815,681,96
38,7,30816,679,113
38,8,30817,676,131
38,9,30818,677,148
38,10,30819,678,167
38,11,30820,680,186
38,12,30821,678,204
38,13,30822,677,221
38,14,30823,679,242
38,15,30824,679,261
38,16,30825,682,282
38,17,30826,682,303
38,18,30827,681,323
38,19,30828,682,345
38,20,30829,682,367
38,21,30830,684,390
38,22,30831,685,412
38,23,30832,685,435
38,24,30833,684,458
38,25,30834,688,482
38,26,30835,690,505
38,27,30836,691,530
38,28,30837,692,555
38,29,30838,693,579
38,30,30839,694,606
38,31,30840,695,631
38,32,30841,697,658
38,33,30842,698,683
38,34,30843,700,710
39,0,31327,674,16
39,1,31328,674,27
39,2,31329,677,43
39,3,31330,678,56
39,4,31331,677,70
39,5,31332,677,87
39,6,31333,676,104
39,7,31334,677,121
39,8,31335,677,137
39,9,31336,676,155
39,10,31337,678,172
39,11,31338,680,191
39,12,31339,677,210
39,13,31340,676,228
39,14,31341,679,249
39,15,31342,677,267
39,16,31343,680,289
39,17,31344,679,309
39,18,31345,680,331
39,19,31346,680,352
39,20,31347,679,374
39,21,31348,680,397
39,22,31349,682,420
39,23,31350,682,442
39,24,31351,683,466
39,25,31352,685,489
39,26,31353,686,513
39,27,31354,686,537
39,28,31355,686,562
39,29,31356,688,588
39,30,31357,689,613
39,31,31358,689,638
39,32,31359,691,665
39,33,31360,692,691
39,34,31361,694,716
40,0,31804,678,22
40,1,31805,678,37
40,2,31806,680,51
40,3,31807,681,66
40,4,31808,681,81
40,5,31809,682,98
40,6,31810,681,113
40,7,31811,682,128
40,8,31812,683,148
40,9,31813,683,167
40,10,31814,684,188
40,11,31815,683,206
40,12,31816,683,224
40,13,31817,685,242
40,14,31818,683,265
40,15,31819,685,287
40,16,31820,684,308
40,17,31821,686,328
40,18,31822,686,351
40,19,31823,687,374
40,20,31824,686,397
40,21,31825,686,421
40,22,31826,687,443
40,23,31827,688,467
40,24,31828,689,490
40,25,31829,690,516
40,26,31830,691,540
40,27,31831,692,564
40,28,31832,693,591
40,29,31833,693,616
40,30,31834,695,642
40,31,31835,695,669
40,32,31836,698,696
41,0,32630,677,41
41,1,32631,679,55
41,2,32632,678,69
41,3,32635,679,114
41,4,32637,679,148
41,5,32638,677,167
41,6,32639,678,187
41,7,32640,675,204
41,8,32641,675,222
41,9,32642,676,243
41,10,32643,675,261
41,11,32644,678,282
41,12,32645,677,303
41,13,32646,677,324
41,14,32647,676,345
41,15,32648,678,366
41,16,32649,679,389
41,17,32650,682,411
41,18,32651,682,432
41,19,32652,684,455
41,20,32653,685,478
41,21,32654,688,501
41,22,32655,689,526
41,23,32656,690,549
41,24,32657,691,574
41,25,32658,690,599
41,26,32659,692,625
41,27,32660,693,650
41,28,32661,696,676
41,29,32662,696,702
42,0,33046,674,21
42,1,33047,674,33
42,2,33048,677,48
42,3,33049,675,62
42,4,33052,677,108
42,5,33053,678,125
42,6,33054,678,142
42,7,33055,677,160
42,8,33056,678,179
42,9,33057,679,198
42,10,33058,679,216
42,11,33059,681,236
42,12,33060,682,255
42,13,33061,682,276
42,14,33062,684,297
42,15,33063,684,317
42,16,33064,684,338
42,17,33065,685,361
42,18,33066,687,382
42,19,33067,685,404
42,20,33068,685,427
42,21,33069,690,452
42,22,33070,692,474
42,23,33071,693,499
42,24,33072,694,523
42,25,33073,694,549
42,26,33074,696,572
42,27,33075,696,599
42,28,33076,698,623
42,29,33077,698,649
42,30,33078,701,675
42,31,33079,702,702
43,0,33960,662,26
43,1,33961,664,41
43,2,33962,665,56
43,3,33963,665,71
43,4,33964,665,89
43,5,33965,666,101
43,6,33966,665,118
43,7,33967,667,137
43,8,33968,668,154
43,9,33969,667,172
43,10,33970,669,189
43,11,33971,668,209
43,12,33972,670,228
43,13,33973,670,249
43,14,33974,672,268
43,15,33975,673,289
43,16,33976,673,309
43,17,33977,672,331
43,18,33978,672,353
43,19,33979,675,375
43,20,33980,675,398
43,21,33981,678,421
43,22,33982,679,443
43,23,33983,680,466
43,24,33984,681,490
43,25,33985,683,513
43,26,33986,683,539
43,27,33987,685,564
43,28,33988,684,587
43,29,33989,686,613
43,30,33990,687,640
43,31,33991,688,666
43,32,33992,689,691
43,33,33993,691,717
44,0,34740,670,12
44,1,34741,668,20
44,2,34742,669,33
44,3,34743,671,47
44,4,34744,670,64
44,5,34745,673,80
44,6,34746,671,96
44,7,34747,669,110
44,8,34748,672,124
44,9,34749,673,144
44,10,34750,672,164
44,11,34751,675,184
44,12,34752,675,200
44,13,34753,676,219
44,14,34754,678,240
44,15,34755,678,260
44,16,34756,679,280
44,17,34757,681,301
44,18,34758,679,321
44,19,34759,682,344
44,20,34760,684,366
44,21,34761,683,388
44,22,34762,684,411
44,23,34763,683,434
44,24,34764,684,458
44,25,34765,683,481
44,26,34766,684,505
44,27,34767,684,530
44,28,34768,684,555
44,29,34769,684,579
44,30,34770,683,603
44,31,34771,682,628
44,32,34772,685,656
44,33,34773,686,682
44,34,34774,688,709
45,0,35322,669,14
45,1,35323,669,26
45,2,35324,670,41
45,3,35325,670,56
45,4,35326,670,70
45,5,35327,671,88
45,6,35328,670,102
45,7,35329,671,117
45,8,35330,669,136
45,9,35331,670,153
45,10,35332,669,170
45,11,35333,672,190
45,12,35334,671,209
45,13,35335,671,227
45,14,35336,671,248
45,15,35337,672,267
45,16,35338,672,288
45,17,35339,671,309
45,18,35340,670,330
45,19,35341,671,352
45,20,35342,671,373
45,21,35343,671,396
45,22,35344,673,418
45,23,35345,673,440
45,24,35346,673,464
45,25,35347,674,487
45,26,35348,677,512
45,27,35349,678,538
45,28,35350,679,560
45,29,35351,679,587
45,30,35352,680,613
45,31,35353,681,637
45,32,35354,683,664
45,33,35355,683,690
45,34,35356,684,715
46,0,35750,667,13
46,1,35751,669,25
46,2,35752,669,38
46,3,35753,668,54
46,4,35754,669,67
46,5,35755,664,83
46,6,35756,670,98
46,7,35757,670,116
46,8,35758,670,132
46,9,35759,670,151
46,10,35760,671,170
46,11,35761,670,187
46,12,35762,669,206
46,13,35763,671,224
46,14,35764,670,245
46,15,35765,671,263
46,16,35766,672,283
46,17,35767,672,305
46,18,35768,672,326
46,19,35769,671,348
46,20,35770,672,370
46,21,35771,673,392
46,22,35772,673,414
46,23,35773,674,437
46,24,35774,674,460
46,25,35775,675,483
46,26,35776,677,506
46,27,35777,677,530
46,28,35778,679,554
46,29,35779,680,579
46,30,35780,681,604
46,31,35781,683,628
46,32,35782,685,653
46,33,35783,686,679
46,34,35784,687,705
47,0,36168,667,16
47,1,36169,668,31
47,2,36170,668,44
47,3,36171,669,58
47,4,36172,670,73
47,5,36173,669,90
47,6,36174,669,106
47,7,36175,669,122
47,8,36176,668,139
47,9,36177,670,158
47,10,36178,669,174
47,11,36179,669,193
47,12,36180,669,210
47,13,36181,668,230
47,14,36182,669,249
47,15,36183,670,269
47,16,36184,670,290
47,17,36185,671,310
47,18,36186,671,331
47,19,36187,670,353
47,20,36188,671,374
47,21,36189,672,396
47,22,36190,673,419
47,23,36191,674,441
47,24,36192,675,464
47,25,36193,676,487
47,26,36194,676,511
47,27,36195,678,535
47,28,36196,679,559
47,29,36197,681,583
47,30,36198,682,608
47,31,36199,683,633
47,32,36200,684,659
47,33,36201,686,684
47,34,36202,687,709
48,0,36584,669,18
48,1,36585,670,32
48,2,36586,670,46
48,3,36587,671,60
48,4,36588,672,74
48,5,36589,671,91
48,6,36590,670,106
48,7,36591,671,122
48,8,36592,672,138
48,9,36593,673,156
48,10,36594,673,174
48,11,36595,674,193
48,12,36596,674,211
48,13,36597,674,230
48,14,36598,674,250
48,15,36599,675,268
48,16,36600,676,290
48,17,36601,677,311
48,18,36602,676,331
48,19,36603,677,352
48,20,36604,677,375
48,21,36605,679,397
48,22,36606,680,419
48,23,36607,681,442
48,24,36608,682,465
48,25,36609,683,489
48,26,36610,684,513
48,27,36611,686,538
48,28,36612,687,561
48,29,36613,688,585
48,30,36614,688,610
48,31,36615,689,635
48,32,36616,691,663
48,33,36617,691,688
48,34,36618,692,711
49,0,37484,663,30
49,1,37485,666,46
49,2,37486,668,60
49,3,37487,668,73
49,4,37488,667,94
49,5,37489,668,108
49,6,37490,669,126
49,7,37491,668,145
49,8,37492,668,163
49,9,37493,669,181
49,10,37494,670,200
49,11,37495,671,219
49,12,37496,673,239
49,13,37497,674,259
49,14,37498,675,278
49,15,37499,676,299
49,16,37500,676,320
49,17,37501,677,341
49,18,37502,679,363
49,19,37503,679,385
49,20,37504,681,408
49,21,37505,682,430
49,22,37506,683,454
49,23,37507,684,477
49,24,37508,686,501
49,25,37509,687,524
49,26,37510,689,548
49,27,37511,689,574
49,28,37512,690,600
49,29,37513,691,624
49,30,37514,693,650
49,31,37515,694,676
49,32,37516,695,701
50,0,37865,667,11
50,1,37866,666,20
50,2,37867,667,36
50,3,37868,669,51
50,4,37869,668,65
50,5,37870,671,79
50,6,37871,671,95
50,7,37872,669,112
50,8,37873,670,130
50,9,37874,670,147
50,10,37875,670,165
50,11,37876,670,185
50,12,37877,671,203
50,13,37878,670,222
50,14,37879,673,243
50,15,37880,673,262
50,16,37881,674,282
50,17,37882,674,304
50,18,37883,673,325
50,19,37884,673,348
50,20,37885,675,370
50,21,37886,674,392
50,22,37887,677,416
50,23,37888,678,439
50,24,37889,679,462
50,25,37890,680,486
50,26,37891,679,507
50,27,37892,681,534
50,28,37893,682,559
50,29,37894,682,583
50,30,37895,683,609
50,31,37896,682,633
50,32,37897,685,659
50,33,37898,685,685
50,34,37899,687,713
51,0,38270,666,14
51,1,38271,667,26
51,2,38272,668,41
51,3,38273,667,55
51,4,38274,668,70
51,5,38275,666,88
51,6,38276,667,105
51,7,38277,668,119
51,8,38278,669,137
51,9,38279,672,156
51,10,38280,671,174
51,11,38281,672,194
51,12,38282,671,212
51,13,38283,672,231
51,14,38284,674,252
51,15,38285,673,272
51,16,38286,674,293
51,17,38287,672,313
51,18,38288,674,337
51,19,38289,673,359
51,20,38290,675,381
51,21,38291,676,403
51,22,38292,677,427
51,23,38293,678,450
51,24,38294,677,473
51,25,38295,679,497
51,26,38296,679,521
51,27,38297,681,545
51,28,38298,681,570
51,29,38299,682,595
51,30,38300,680,619
51,31,38301,681,643
51,32,38302,684,669
51,33,38303,685,697
52,0,38613,667,13
52,1,38614,669,26
52,2,38615,670,42
52,3,38616,672,58
52,4,38617,673,73
52,5,38618,671,90
52,6,38619,674,105
52,7,38620,675,126
52,8,38621,674,142
52,9,38622,676,162
52,10,38623,675,181
52,11,38624,677,199
52,12,38625,676,218
52,13,38626,677,239
52,14,38627,677,258
52,15,38628,679,281
52,16,38629,678,303
52,17,38630,678,324
52,18,38631,676,345
52,19,38632,677,369
52,20,38633,678,391
52,21,38634,679,414
52,22,38635,678,438
52,23,38636,679,462
52,24,38637,679,486
52,25,38638,679,510
52,26,38639,680,536
52,27,38640,680,561
52,28,38641,680,586
52,29,38642,680,611
52,30,38643,682,637
52,31,38644,683,664
52,32,38645,684,691
52,33,38646,684,716
53,0,39003,677,16
53,1,39004,678,30
53,2,39005,678,45
53,3,39006,679,61
53,4,39007,678,77
53,5,39008,675,93
53,6,39009,676,111
53,7,39010,676,128
53,8,39011,675,146
53,9,39012,674,166
53,10,39013,674,186
53,11,39014,673,205
53,12,39015,672,224
53,13,39016,670,245
53,14,39017,670,265
53,15,39018,668,287
53,16,39019,668,310
53,17,39020,667,332
53,18,39021,667,353
53,19,39022,666,375
53,20,39023,668,398
53,21,39024,668,422
53,22,39025,669,444
53,23,39026,669,468
53,24,39027,670,492
53,25,39028,671,517
53,26,39029,672,542
53,27,39030,673,567
53,28,39031,674,591
53,29,39032,675,617
53,30,39033,676,640
53,31,39034,677,668
53,32,39035,679,696
54,0,39501,667,14
54,1,39502,668,25
54,2,39503,667,38
54,3,39504,669,53
54,4,39505,671,67
54,5,39506,669,85
54,6,39507,671,101
54,7,39508,671,118
54,8,39509,671,134
54,9,39510,671,152
54,10,39511,670,168
54,11,39512,672,188
54,12,39513,672,208
54,13,39514,672,224
54,14,39515,672,246
54,15,39516,672,265
54,16,39517,673,285
54,17,39518,673,307
54,18,39519,672,328
54,19,39520,673,349
54,20,39521,673,370
54,21,39522,674,393
54,22,39523,675,415
54,23,39524,675,438
54,24,39525,676,462
54,25,39526,677,485
54,26,39527,677,508
54,27,39528,679,532
54,28,39529,680,557
54,29,39530,681,581
54,30,39531,682,605
54,31,39532,682,631
54,32,39533,685,657
54,33,39534,685,682
54,34,39535,687,706
55,0,39913,665,16
55,1,39914,665,28
55,2,39915,667,43
55,3,39916,665,58
55,4,39917,667,72
55,5,39918,666,89
55,6,39919,666,102
55,7,39920,667,118
55,8,39921,665,136
55,9,39922,666,156
55,10,39923,666,173
55,11,39924,667,192
55,12,39925,666,209
55,13,39926,668,226
55,14,39927,667,248
55,15,39928,668,267
55,16,39929,667,289
55,17,39930,667,309
55,18,39931,668,330
55,19,39932,669,350
55,20,39933,669,371
55,21,39934,670,394
55,22,39935,671,416
55,23,39936,673,438
55,24,39937,673,462
55,25,39938,674,485
55,26,39939,677,508
55,27,39940,677,532
55,28,39941,679,556
55,29,39942,681,579
55,30,39943,682,604
55,31,39944,683,629
55,32,39945,685,655
55,33,39946,686,680
55,34,39947,687,705
56,0,40351,666,17
56,1,40352,667,30
56,2,40353,667,44
56,3,40354,667,61
56,4,40355,667,77
56,5,40356,667,94
56,6,40357,666,110
56,7,40358,666,127
56,8,40359,667,143
56,9,40360,667,163
56,10,40361,667,181
56,11,40362,668,199
56,12,40363,668,218
56,13,40364,668,238
56,14,40365,669,257
56,15,40366,671,278
56,16,40367,671,299
56,17,40368,669,320
56,18,40369,670,342
56,19,40370,672,362
56,20,40371,673,385
56,21,40372,673,408
56,22,40373,675,430
56,23,40374,676,454
56,24,40375,678,477
56,25,40376,679,500
56,26,40377,680,524
56,27,40378,681,548
56,28,40379,683,574
56,29,40380,684,596
56,30,40381,684,622
56,31,40382,686,649
56,32,40383,687,675
56,33,40384,688,699
57,0,40747,668,12
57,1,40748,669,22
57,2,40749,669,36
57,3,40750,670,50
57,4,40751,670,65
57,5,40752,669,80
57,6,40753,669,97
57,7,40754,669,112
57,8,40755,670,128
57,9,40756,670,147
57,10,40757,670,165
57,11,40758,670,183
57,12,40759,671,202
57,13,40760,671,221
57,14,40761,672,240
57,15,40762,672,260
57,16,40763,673,281
57,17,40764,673,301
57,18,40765,672,323
57,19,40766,672,344
57,20,40767,672,367
57,21,40768,673,389
57,22,40769,675,411
57,23,40770,675,434
57,24,40771,677,457
57,25,40772,678,481
57,26,40773,679,504
57,27,40774,679,528
57,28,40775,681,554
57,29,40776,682,579
57,30,40777,683,602
57,31,40778,684,628
57,32,40779,685,652
57,33,40780,686,681
57,34,40781,687,705
58,0,41237,672,11
58,1,41238,673,23
58,2,41239,675,37
58,3,41240,675,51
58,4,41241,675,65
58,5,41242,674,81
58,6,41243,675,97
58,7,41244,676,114
58,8,41245,676,129
58,9,41246,676,147
58,10,41247,677,165
58,11,41248,680,185
58,12,41249,679,203
58,13,41250,678,220
58,14,41251,678,240
58,15,41252,679,259
58,16,41253,679,279
58,17,41254,681,301
58,18,41255,681,320
58,19,41256,681,342
58,20,41257,683,364
58,21,41258,683,386
58,22,41259,685,408
58,23,41260,685,430
58,24,41261,687,453
58,25,41262,688,476
58,26,41263,689,499
58,27,41264,690,524
58,28,41265,691,548
58,29,41266,693,572
58,30,41267,693,596
58,31,41268,693,621
58,32,41269,697,647
58,33,41270,702,669
58,34,41271,699,699
58,35,41272,699,721
59,0,42198,669,15
59,1,42199,671,28
59,2,42200,671,43
59,3,42201,670,58
59,4,42202,670,71
59,5,42203,668,87
59,6,42204,668,104
59,7,42205,668,119
59,8,42206,667,136
59,9,42207,669,155
59,10,42208,667,172
59,11,42209,667,191
59,12,42210,667,210
59,13,42211,666,229
59,14,42212,667,249
59,15,42213,667,268
59,16,42214,666,289
59,17,42215,666,310
59,18,42216,665,333
59,19,42217,667,354
59,20,42218,668,375
59,21,42219,670,397
59,22,42220,671,420
59,23,42221,673,443
59,24,42222,674,467
59,25,42223,676,488
59,26,42224,677,513
59,27,42225,679,538
59,28,42226,680,563
59,29,42227,682,587
59,30,42228,683,613
59,31,42229,685,637
59,32,42230,687,663
59,33,42231,689,688
59,34,42232,692,714
60,0,42584,674,13
60,1,42585,674,25
60,2,42586,674,38
60,3,42587,674,53
60,4,42588,675,68
60,5,42589,675,85
60,6,42590,674,100
60,7,42591,675,117
60,8,42592,674,134
60,9,42593,674,151
60,10,42594,675,170
60,11,42595,676,189
60,12,42596,675,208
60,13,42597,677,225
60,14,42598,676,247
60,15,42599,676,266
60,16,42600,678,287
60,17,42601,678,309
60,18,42602,678,331
60,19,42603,677,352
60,20,42604,678,375
60,21,42605,680,398
60,22,42606,681,420
60,23,42607,683,443
60,24,42608,684,466
60,25,42609,685,490
60,26,42610,686,514
60,27,42611,687,539
60,28,42612,688,563
60,29,42613,690,587
60,30,42614,691,614
60,31,42615,691,639
60,32,42616,693,665
60,33,42617,694,693
60,34,42618,697,717
61,0,43071,675,17
61,1,43072,674,29
61,2,43073,676,43
61,3,43074,675,58
61,4,43075,675,71
61,5,43076,675,86
61,6,43077,674,100
61,7,43078,675,116
61,8,43079,675,132
61,9,43080,674,148
61,10,43081,674,167
61,11,43082,675,183
61,12,43083,674,202
61,13,43084,676,219
61,14,43085,675,239
61,15,43086,676,258
61,16,43087,677,278
61,17,43088,678,298
61,18,43089,678,318
61,19,43090,679,338
61,20,43091,679,360
61,21,43092,680,382
61,22,43093,680,404
61,23,43094,682,426
61,24,43095,685,450
61,25,43096,686,471
61,26,43097,688,494
61,27,43098,689,518
61,28,43099,690,543
61,29,43100,692,567
61,30,43101,693,591
61,31,43102,694,616
61,32,43103,695,640
61,33,43104,695,665
61,34,43105,697,692
62,0,43488,669,17
62,1,43489,669,32
62,2,43490,670,48
62,3,43491,672,63
62,4,43492,673,77
62,5,43493,670,92
62,6,43494,671,107
62,7,43495,673,122
62,8,43496,671,144
62,9,43497,672,162
62,10,43498,671,180
62,11,43499,674,199
62,12,43500,674,218
62,13,43501,674,238
62,14,43502,675,258
62,15,43503,676,277
62,16,43504,678,299
62,17,43505,677,320
62,18,43506,678,342
62,19,43507,679,364
62,20,43508,680,386
62,21,43509,683,409
62,22,43510,683,432
62,23,43511,685,455
62,24,43512,686,479
62,25,43513,688,503
62,26,43514,689,527
62,27,43515,691,552
62,28,43516,692,577
62,29,43517,693,602
62,30,43518,694,626
62,31,43519,696,654
62,32,43520,697,680
62,33,43521,700,706
63,0,44039,677,17
63,1,44040,675,26
63,2,44041,678,40
63,3,44042,678,52
63,4,44043,678,66
63,5,44045,677,93
63,6,44046,678,107
63,7,44047,679,123
63,8,44048,680,139
63,9,44049,682,157
63,10,44051,682,188
63,11,44052,682,207
63,12,44053,683,226
63,13,44054,686,245
63,14,44055,685,263
63,15,44056,688,284
63,16,44057,687,302
63,17,44058,685,322
63,18,44059,686,343
63,19,44060,685,365
63,20,44061,688,387
63,21,44062,688,409
63,22,44063,685,433
63,23,44065,690,475
63,24,44067,685,522
63,25,44068,687,546
64,0,44510,674,18
64,1,44511,674,29
64,2,44512,674,43
64,3,44513,677,57
64,4,44514,677,71
64,5,44515,678,84
64,6,44516,677,101
64,7,44517,678,117
64,8,44518,678,131
64,9,44519,680,150
64,10,44520,680,166
64,11,44521,683,185
64,12,44522,681,202
64,13,44523,681,219
64,14,44524,682,239
64,15,44525,685,258
64,16,44526,684,277
64,17,44527,686,298
64,18,44528,686,317
64,19,44529,686,339
64,20,44530,688,359
64,21,44531,689,380
64,22,44532,689,403
64,23,44533,691,425
64,24,44534,693,447
64,25,44535,695,469
64,26,44536,695,493
64,27,44537,695,517
64,28,44538,697,540
64,29,44539,697,565
64,30,44540,699,590
64,31,44541,700,613
64,32,44542,700,639
64,33,44543,700,662
64,34,44544,701,690
64,35,44545,702,715
65,0,45006,682,12
65,1,45007,683,26
65,2,45008,683,38
65,3,45009,682,53
65,4,45010,683,68
65,5,45011,684,81
65,6,45012,682,98
65,7,45013,681,114
65,8,45014,682,130
65,9,45015,681,149
65,10,45016,682,166
65,11,45017,681,185
65,12,45018,679,204
65,13,45019,680,222
65,14,45020,681,242
65,15,45021,681,261
65,16,45022,680,281
65,17,45023,681,303
65,18,45024,680,323
65,19,45025,680,345
65,20,45026,680,367
65,21,45027,682,388
65,22,45028,683,411
65,23,45029,684,434
65,24,45030,685,457
65,25,45031,686,480
65,26,45032,687,504
65,27,45033,688,528
65,28,45034,689,552
65,29,45035,690,576
65,30,45036,691,601
65,31,45037,692,627
65,32,45038,693,652
65,33,45039,695,679
65,34,45040,696,705
66,0,45459,671,18
66,1,45460,673,34
66,2,45461,675,49
66,3,45462,674,64
66,4,45463,677,78
66,5,45464,676,95
66,6,45465,673,110
66,7,45466,674,127
66,8,45467,676,140
66,9,45468,673,163
66,10,45469,673,180
66,11,45470,676,199
66,12,45471,677,218
66,13,45472,676,239
66,14,45473,677,259
66,15,45474,678,278
66,16,45475,680,298
66,17,45476,679,319
66,18,45477,680,341
66,19,45478,680,362
66,20,45479,681,384
66,21,45480,682,407
66,22,45481,683,429
66,23,45482,685,452
66,24,45483,686,475
66,25,45484,687,498
66,26,45485,688,523
66,27,45486,689,547
66,28,45487,690,572
66,29,45488,692,596
66,30,45489,692,621
66,31,45490,693,648
66,32,45491,694,674
66,33,45492,696,699
67,0,46048,685,17
67,1,46049,685,32
67,2,46050,683,45
67,3,46051,685,59
67,4,46052,684,73
67,5,46053,683,88
67,6,46054,679,104
67,7,46055,680,123
67,8,46056,680,140
67,9,46057,680,158
67,10,46058,679,176
67,11,46059,679,195
67,12,46060,679,213
67,13,46061,678,233
67,14,46062,678,253
67,15,46063,678,273
67,16,46064,678,294
67,17,46065,679,314
67,18,46066,679,336
67,19,46067,679,357
67,20,46068,678,379
67,21,46069,680,402
67,22,46070,681,426
67,23,46071,682,449
67,24,46072,683,472
67,25,46073,684,495
67,26,46074,685,520
67,27,46075,686,544
67,28,46076,687,570
67,29,46077,688,596
67,30,46078,689,620
67,31,46079,689,648
67,32,46080,690,674
67,33,46081,692,701
68,0,46480,684,10
68,1,46481,685,17
68,2,46482,684,31
68,3,46483,686,47
68,4,46484,688,62
68,5,46485,688,77
68,6,46486,688,91
68,7,46487,685,109
68,8,46488,687,126
68,9,46489,687,142
68,10,46490,688,161
68,11,46491,691,182
68,12,46492,688,198
68,13,46493,687,217
68,14,46494,688,237
68,15,46495,688,257
68,16,46496,687,277
68,17,46497,688,298
68,18,46498,686,319
68,19,46499,686,341
68,20,46500,687,362
68,21,46501,687,384
68,22,46502,687,407
68,23,46503,687,431
68,24,46504,688,455
68,25,46505,689,478
68,26,46506,688,502
68,27,46507,688,526
68,28,46508,689,551
68,29,46509,689,575
68,30,46510,688,601
68,31,46511,689,627
68,32,46512,689,652
68,33,46513,691,679
68,34,46514,692,706
69,0,46890,678,13
69,1,46891,678,24
69,2,46892,677,37
69,3,46893,676,51
69,4,46894,678,68
69,5,46895,678,85
69,6,46896,676,101
69,7,46897,677,117
69,8,46898,676,134
69,9,46899,677,153
69,10,46900,677,171
69,11,46901,677,190
69,12,46902,677,209
69,13,46903,678,226
69,14,46904,677,249
69,15,46905,677,269
69,16,46906,680,291
69,17,46907,680,311
69,18,46908,679,333
69,19,46909,679,355
69,20,46910,678,377
69,21,46911,679,401
69,22,46912,681,423
69,23,46913,682,446
69,24,46914,683,471
69,25,46915,684,495
69,26,46916,686,520
69,27,46917,687,544
69,28,46918,687,568
69,29,46919,688,594
69,30,46920,690,618
69,31,46921,691,645
69,32,46922,692,669
69,33,46923,692,697
70,0,47796,690,12
70,1,47797,687,22
70,2,47798,687,38
70,3,47799,686,54
70,4,47800,685,66
70,5,47801,683,80
70,6,47802,682,98
70,7,47803,681,114
70,8,47804,680,132
70,9,47805,679,149
70,10,47806,677,166
70,11,47807,679,187
70,12,47808,675,205
70,13,47809,676,223
70,14,47810,674,242
70,15,47811,673,263
70,16,47812,674,283
70,17,47813,673,304
70,18,47814,670,327
70,19,47815,671,348
70,20,47816,672,368
70,21,47817,672,391
70,22,47818,674,413
70,23,47819,673,437
70,24,47820,676,459
70,25,47821,677,483
70,26,47822,678,507
70,27,47823,679,532
70,28,47824,680,556
70,29,47825,681,581
70,30,47826,682,606
70,31,47827,683,632
70,32,47828,685,658
70,33,47829,687,685
70,34,47830,690,711
71,0,48291,683,14
71,1,48292,682,26
71,2,48293,684,41
71,3,48294,684,55
71,4,48295,684,70
71,5,48298,683,115
71,6,48299,685,131
71,7,48300,685,149
71,8,48301,685,167
71,9,48302,685,185
71,10,48303,685,202
71,11,48304,685,221
71,12,48305,686,241
71,13,48306,686,260
71,14,48307,687,280
71,15,48308,688,302
71,16,48309,686,323
71,17,48310,685,345
71,18,48311,687,366
71,19,48312,688,386
71,20,48313,688,408
71,21,48314,689,434
71,22,48315,689,455
71,23,48316,691,481
71,24,48317,691,502
71,25,48318,692,527
71,26,48319,693,553
71,27,48320,693,578
71,28,48321,695,603
71,29,48322,695,628
71,30,48323,696,655
71,31,48324,698,682
71,32,48325,699,708
72,0,48739,684,12
72,1,48740,684,24
72,2,48741,683,39
72,3,48742,684,54
72,4,48743,684,68
72,5,48744,682,85
72,6,48745,681,101
72,7,48746,682,117
72,8,48747,681,134
72,9,48748,682,153
72,10,48749,682,170
72,11,48750,682,190
72,12,48751,682,208
72,13,48752,681,228
72,14,48753,682,249
72,15,48754,682,268
72,16,48755,683,290
72,17,48756,684,311
72,18,48757,684,333
72,19,48758,684,355
72,20,48759,683,377
72,21,48760,684,400
72,22,48761,686,423
72,23,48762,687,447
72,24,48763,688,471
72,25,48764,688,494
72,26,48765,690,519
72,27,48766,691,543
72,28,48767,693,567
72,29,48768,694,593
72,30,48769,695,618
72,31,48770,696,643
72,32,48771,698,670
72,33,48772,699,696
73,0,49175,684,20
73,1,49176,686,34
73,2,49177,685,48
73,3,49178,686,62
73,4,49179,685,78
73,5,49180,686,94
73,6,49181,685,112
73,7,49182,685,127
73,8,49183,685,145
73,9,49184,685,164
73,10,49185,686,183
73,11,49186,687,201
73,12,49187,686,220
73,13,49188,686,241
73,14,49189,686,261
73,15,49190,688,282
73,16,49191,688,303
73,17,49192,687,324
73,18,49193,687,346
73,19,49194,686,366
73,20,49195,688,390
73,21,49196,688,413
73,22,49197,689,435
73,23,49198,690,459
73,24,49199,691,483
73,25,49200,692,508
73,26,49201,693,533
73,27,49202,692,555
73,28,49203,693,581
73,29,49204,696,608
73,30,49205,697,634
73,31,49206,699,660
73,32,49207,699,685
73,33,49208,701,712
74,0,49607,680,24
74,1,49608,680,38
74,2,49609,684,55
74,3,49610,683,68
74,4,49613,686,118
74,5,49614,687,134
74,6,49615,689,153
74,7,49616,690,170
74,8,49617,691,191
74,9,49618,691,208
74,10,49619,691,229
74,11,49620,692,249
74,12,49621,693,268
74,13,49622,693,289
74,14,49623,694,310
74,15,49624,692,332
74,16,49625,693,355
74,17,49626,693,377
74,18,49627,695,400
74,19,49628,694,420
74,20,49629,696,446
74,21,49630,697,470
74,22,49631,697,494
74,23,49632,697,519
74,24,49633,697,545
74,25,49634,698,569
74,26,49635,699,595
74,27,49636,699,621
74,28,49637,699,646
74,29,49638,700,673
74,30,49639,702,701
75,0,50101,677,13
75,1,50102,677,24
75,2,50103,676,39
75,3,50104,678,53
75,4,50105,679,69
75,5,50108,679,118
75,6,50109,680,135
75,7,50110,682,153
75,8,50111,682,170
75,9,50112,685,190
75,10,50113,684,208
75,11,50114,685,228
75,12,50115,686,249
75,13,50116,687,268
75,14,50117,688,288
75,15,50118,689,311
75,16,50119,689,333
75,17,50120,690,355
75,18,50121,690,377
75,19,50122,691,401
75,20,50123,693,424
75,21,50124,692,447
75,22,50125,694,470
75,23,50126,694,493
75,24,50127,695,520
75,25,50128,696,545
75,26,50129,697,569
75,27,50130,697,596
75,28,50131,699,620
75,29,50132,699,647
75,30,50133,700,674
75,31,50134,702,702
76,0,51149,669,10
76,1,51150,666,18
76,2,51151,668,34
76,3,51152,670,48
76,4,51153,670,62
76,5,51154,670,76
76,6,51155,669,92
76,7,51156,669,108
76,8,51157,670,126
76,9,51158,671,142
76,10,51159,675,161
76,11,51160,674,178
76,12,51161,677,197
76,13,51162,677,215
76,14,51163,677,234
76,15,51164,679,254
76,16,51165,680,273
76,17,51166,681,295
76,18,51167,683,316
76,19,51168,684,337
76,20,51169,686,358
76,21,51170,687,380
76,22,51171,688,403
76,23,51172,691,426
76,24,51173,693,450
76,25,51174,694,473
76,26,51175,695,497
76,27,51176,697,521
76,28,51177,699,546
76,29,51178,701,572
76,30,51179,702,597
76,31,51180,702,622
76,32,51181,705,649
76,33,51182,706,675
76,34,51183,706,701
77,0,52450,670,59
77,1,52454,667,115
77,2,52455,669,130
77,3,52456,670,147
77,4,52457,670,164
77,5,52458,668,181
77,6,52459,673,198
77,7,52460,671,217
77,8,52461,673,235
77,9,52462,674,254
77,10,52463,673,274
77,11,52464,677,294
77,12,52465,676,315
77,13,52466,677,336
77,14,52467,678,358
77,15,52468,679,378
77,16,52469,681,400
77,17,52470,682,421
77,18,52471,684,445
77,19,52472,685,467
77,20,52473,687,490
77,21,52474,688,514
77,22,52475,690,538
77,23,52476,690,562
77,24,52477,692,587
77,25,52478,693,611
77,26,52479,694,637
77,27,52480,695,663
77,28,52481,696,689
77,29,52482,698,714
78,0,52986,674,49
78,1,52987,676,63
78,2,52990,671,109
78,3,52991,674,126
78,4,52992,674,144
78,5,52993,674,161
78,6,52994,673,181
78,7,52995,675,199
78,8,52996,673,217
78,9,52997,674,238
78,10,52998,675,257
78,11,52999,675,277
78,12,53000,676,298
78,13,53001,675,320
78,14,53002,675,341
78,15,53003,675,363
78,16,53004,676,385
78,17,53005,676,409
78,18,53006,678,431
78,19,53007,679,454
78,20,53008,681,478
78,21,53009,682,502
78,22,53010,684,527
78,23,53011,685,552
78,24,53012,685,575
78,25,53013,685,601
78,26,53014,685,627
78,27,53015,687,654
78,28,53016,689,681
78,29,53017,689,707
