#META: VIDEO=Videos\MVI_1636.MP4, ROI=(639, 0, 113, 769), TIMESTAMP=20260113_182835
#OUTLIERS: 15, 2
trajectory_id,point_index,frame_num,x,y
0,0,5902,689,25
0,1,5903,690,42
0,2,5904,692,59
0,3,5905,690,74
0,4,5906,690,90
0,5,5907,691,109
0,6,5908,692,124
0,7,5909,694,145
0,8,5910,693,165
0,9,5911,694,186
0,10,5912,695,203
0,11,5913,695,223
0,12,5914,694,245
0,13,5915,695,265
0,14,5916,697,290
0,15,5917,697,309
0,16,5918,697,334
0,17,5919,698,356
0,18,5920,699,380
0,19,5921,699,403
0,20,5922,699,427
0,21,5923,699,452
0,22,5924,700,475
0,23,5925,700,501
0,24,5926,700,527
0,25,5927,700,552
0,26,5928,699,579
0,27,5929,701,606
0,28,5930,702,632
0,29,5931,703,660
0,30,5932,704,687
0,31,5933,705,714
0,32,5934,711,740
1,0,6472,684,24
1,1,6473,685,39
1,2,6474,688,53
1,3,6475,686,67
1,4,6476,687,85
1,5,6477,686,100
1,6,6478,687,117
1,7,6479,689,134
1,8,6480,688,155
1,9,6481,688,171
1,10,6482,690,191
1,11,6483,689,209
1,12,6484,689,229
1,13,6485,690,250
1,14,6486,691,268
1,15,6487,691,292
1,16,6488,692,312
1,17,6489,691,336
1,18,6490,692,356
1,19,6491,692,378
1,20,6492,693,401
1,21,6493,693,425
1,22,6494,694,448
1,23,6495,694,469
1,24,6496,695,493
1,25,6497,696,518
1,26,6498,695,543
1,27,6499,696,570
1,28,6500,697,595
1,29,6501,698,619
1,30,6502,699,646
1,31,6503,701,674
1,32,6504,701,699
1,33,6505,705,727
2,0,6870,690,22
2,1,6871,688,37
2,2,6872,686,51
2,3,6873,688,66
2,4,6874,689,79
2,5,6876,690,110
2,6,6877,691,126
2,7,6878,691,144
2,8,6879,692,160
2,9,6880,691,176
2,10,6881,692,194
2,11,6882,694,210
2,12,6883,694,229
2,13,6884,696,248
2,14,6885,697,264
2,15,6886,697,283
2,16,6887,698,302
2,17,6888,699,321
2,18,6889,701,341
2,19,6890,703,360
2,20,6891,704,380
2,21,6892,705,401
2,22,6893,706,421
2,23,6894,707,442
2,24,6895,709,463
2,25,6896,710,484
2,26,6897,711,505
2,27,6898,712,528
2,28,6899,712,550
2,29,6900,715,573
2,30,6901,716,596
2,31,6902,716,618
2,32,6903,717,642
2,33,6904,719,665
2,34,6905,720,689
2,35,6906,720,711
2,36,6907,720,735
2,37,6908,723,739
3,0,10729,664,27
3,1,10730,665,43
3,2,10731,665,56
3,3,10732,667,71
3,4,10733,665,89
3,5,10734,664,107
3,6,10735,665,124
3,7,10736,666,141
3,8,10737,666,160
3,9,10738,665,180
3,10,10739,668,201
3,11,10740,664,219
3,12,10741,667,239
3,13,10742,665,260
3,14,10743,669,280
3,15,10744,667,303
3,16,10745,666,325
3,17,10746,667,347
3,18,10747,668,370
3,19,10748,670,391
3,20,10749,670,414
3,21,10750,671,439
3,22,10751,672,464
3,23,10752,672,488
3,24,10753,672,513
3,25,10754,673,538
3,26,10755,675,563
3,27,10756,676,589
3,28,10757,678,615
3,29,10758,678,642
3,30,10759,679,669
3,31,10760,681,696
3,32,10761,683,723
4,0,11106,664,24
4,1,11107,667,38
4,2,11108,666,55
4,3,11109,666,70
4,4,11111,665,104
4,5,11112,665,121
4,6,11113,665,139
4,7,11114,665,158
4,8,11115,667,179
4,9,11116,665,197
4,10,11117,666,215
4,11,11118,667,237
4,12,11119,666,258
4,13,11120,667,278
4,14,11121,667,301
4,15,11122,668,321
4,16,11123,667,345
4,17,11124,668,368
4,18,11125,670,390
4,19,11126,670,413
4,20,11127,671,437
4,21,11128,672,462
4,22,11129,673,487
4,23,11130,674,511
4,24,11131,675,536
4,25,11132,675,562
4,26,11133,677,588
4,27,11134,678,615
4,28,11135,679,641
4,29,11136,682,668
4,30,11137,683,695
4,31,11138,685,722
5,0,11697,676,24
5,1,11698,676,40
5,2,11699,677,54
5,3,11700,676,70
5,4,11701,675,84
5,5,11702,673,98
5,6,11703,675,117
5,7,11704,675,134
5,8,11705,675,152
5,9,11706,675,170
5,10,11707,677,190
5,11,11708,675,209
5,12,11709,675,227
5,13,11710,677,248
5,14,11711,676,266
5,15,11712,678,289
5,16,11713,678,309
5,17,11714,678,331
5,18,11715,679,354
5,19,11716,680,375
5,20,11717,680,397
5,21,11718,682,421
5,22,11719,682,444
5,23,11720,683,467
5,24,11721,683,490
5,25,11722,684,515
5,26,11723,684,540
5,27,11724,685,565
5,28,11725,686,589
5,29,11726,687,617
5,30,11727,689,642
5,31,11728,690,669
5,32,11729,691,695
5,33,11730,693,722
6,0,12183,675,22
6,1,12184,675,38
6,2,12185,676,53
6,3,12186,675,69
6,4,12188,675,103
6,5,12189,674,121
6,6,12190,676,138
6,7,12191,675,157
6,8,12192,676,175
6,9,12193,676,196
6,10,12194,676,214
6,11,12195,677,235
6,12,12196,677,257
6,13,12197,679,277
6,14,12198,678,300
6,15,12199,680,322
6,16,12200,680,345
6,17,12201,681,368
6,18,12202,682,389
6,19,12203,684,414
6,20,12204,685,438
6,21,12205,684,462
6,22,12206,684,485
6,23,12207,686,510
6,24,12208,686,536
6,25,12209,687,561
6,26,12210,688,588
6,27,12211,688,614
6,28,12212,690,640
6,29,12213,690,667
6,30,12214,691,694
6,31,12215,692,721
7,0,12606,668,28
7,1,12607,670,45
7,2,12608,670,61
7,3,12609,668,75
7,4,12610,668,92
7,5,12611,668,107
7,6,12612,671,126
7,7,12613,673,142
7,8,12614,671,161
7,9,12615,670,178
7,10,12616,674,196
7,11,12617,673,214
7,12,12618,673,233
7,13,12619,675,254
7,14,12620,678,273
7,15,12621,678,294
7,16,12622,680,313
7,17,12623,680,335
7,18,12624,681,357
7,19,12625,682,379
7,20,12626,685,399
7,21,12627,686,421
7,22,12628,688,444
7,23,12629,690,467
7,24,12630,691,491
7,25,12631,692,515
7,26,12632,693,538
7,27,12633,692,563
7,28,12634,694,588
7,29,12635,694,611
7,30,12636,695,637
7,31,12637,697,664
7,32,12638,698,688
7,33,12639,699,714
7,34,12640,707,737
8,0,13564,676,25
8,1,13565,676,39
8,2,13566,677,57
8,3,13567,677,70
8,4,13568,674,89
8,5,13569,674,104
8,6,13570,677,122
8,7,13571,678,139
8,8,13572,679,158
8,9,13573,678,176
8,10,13574,680,197
8,11,13575,680,215
8,12,13576,681,235
8,13,13577,681,256
8,14,13578,682,277
8,15,13579,683,299
8,16,13580,683,319
8,17,13581,682,341
8,18,13582,684,364
8,19,13583,685,386
8,20,13584,687,410
8,21,13585,687,432
8,22,13586,688,455
8,23,13587,688,479
8,24,13588,688,504
8,25,13589,690,529
8,26,13590,690,554
8,27,13591,691,579
8,28,13592,691,605
8,29,13593,692,628
8,30,13594,693,655
8,31,13595,694,684
8,32,13596,695,710
8,33,13597,704,737
9,0,14069,681,25
9,1,14070,681,42
9,2,14071,682,57
9,3,14072,681,71
9,4,14074,678,105
9,5,14075,680,122
9,6,14076,680,139
9,7,14077,681,159
9,8,14078,683,179
9,9,14079,682,198
9,10,14080,681,216
9,11,14081,683,238
9,12,14082,682,259
9,13,14083,685,280
9,14,14084,684,302
9,15,14085,683,324
9,16,14086,684,347
9,17,14087,685,370
9,18,14088,686,393
9,19,14089,687,418
9,20,14090,688,442
9,21,14091,688,466
9,22,14092,689,490
9,23,14093,690,516
9,24,14094,691,542
9,25,14095,693,572
9,26,14096,693,593
9,27,14097,696,613
9,28,14098,694,647
9,29,14099,696,673
9,30,14100,696,701
9,31,14101,696,728
10,0,14430,680,31
10,1,14431,679,46
10,2,14432,678,62
10,3,14433,673,77
10,4,14434,678,95
10,5,14435,675,112
10,6,14436,679,129
10,7,14437,678,147
10,8,14438,679,167
10,9,14439,680,187
10,10,14440,680,205
10,11,14441,680,224
10,12,14442,681,246
10,13,14443,681,266
10,14,14444,681,289
10,15,14445,683,310
10,16,14446,682,332
10,17,14447,684,355
10,18,14448,686,377
10,19,14449,686,401
10,20,14450,687,426
10,21,14451,687,450
10,22,14452,688,473
10,23,14453,688,498
10,24,14454,689,524
10,25,14455,690,548
10,26,14456,690,574
10,27,14457,690,602
10,28,14458,691,627
10,29,14459,699,655
10,30,14460,699,673
10,31,14461,697,708
10,32,14462,698,734
11,0,14930,677,28
11,1,14931,678,43
11,2,14932,678,60
11,3,14933,678,74
11,4,14934,678,91
11,5,14935,678,110
11,6,14936,679,126
11,7,14937,680,145
11,8,14938,681,165
11,9,14939,680,186
11,10,14940,682,203
11,11,14941,681,222
11,12,14942,684,242
11,13,14943,686,264
11,14,14944,686,286
11,15,14945,686,308
11,16,14946,686,331
11,17,14947,685,354
11,18,14948,688,377
11,19,14949,689,401
11,20,14950,690,425
11,21,14951,691,450
11,22,14952,691,474
11,23,14953,690,500
11,24,14954,692,525
11,25,14955,693,551
11,26,14956,692,576
11,27,14957,695,605
11,28,14958,695,630
11,29,14959,695,659
11,30,14960,696,685
11,31,14961,697,713
11,32,14962,707,739
12,0,15550,673,28
12,1,15551,674,44
12,2,15552,676,60
12,3,15553,674,74
12,4,15554,675,91
12,5,15555,676,107
12,6,15556,676,123
12,7,15557,676,141
12,8,15558,676,160
12,9,15559,677,178
12,10,15560,680,198
12,11,15561,679,216
12,12,15562,680,237
12,13,15563,680,257
12,14,15564,683,278
12,15,15565,684,299
12,16,15566,685,319
12,17,15567,687,342
12,18,15568,688,363
12,19,15569,689,385
12,20,15570,691,408
12,21,15571,692,431
12,22,15572,693,453
12,23,15573,694,476
12,24,15574,695,500
12,25,15575,696,525
12,26,15576,698,549
12,27,15577,699,574
12,28,15578,701,600
12,29,15579,701,622
12,30,15580,703,652
12,31,15581,705,677
12,32,15582,706,703
12,33,15583,709,729
13,0,16050,678,32
13,1,16051,679,48
13,2,16052,680,63
13,3,16054,679,95
13,4,16055,680,110
13,5,16056,682,127
13,6,16057,684,145
13,7,16058,684,164
13,8,16059,684,184
13,9,16060,685,201
13,10,16061,686,218
13,11,16062,688,241
13,12,16063,689,261
13,13,16064,689,283
13,14,16065,690,304
13,15,16066,690,327
13,16,16067,690,349
13,17,16068,691,373
13,18,16069,693,396
13,19,16070,694,419
13,20,16071,695,443
13,21,16072,697,466
13,22,16073,696,490
13,23,16074,698,516
13,24,16075,691,539
13,25,16076,698,567
13,26,16077,698,594
13,27,16078,698,619
13,28,16079,700,646
13,29,16080,701,673
13,30,16081,701,702
13,31,16082,704,728
14,0,16481,686,25
14,1,16482,684,42
14,2,16483,685,58
14,3,16484,683,71
14,4,16485,683,90
14,5,16486,681,105
14,6,16487,683,121
14,7,16488,683,141
14,8,16489,682,160
14,9,16490,685,179
14,10,16491,683,200
14,11,16492,682,218
14,12,16493,684,237
14,13,16494,683,260
14,14,16495,685,282
14,15,16496,684,304
14,16,16497,684,326
14,17,16498,684,349
14,18,16499,686,373
14,19,16500,686,396
14,20,16501,687,420
14,21,16502,687,441
14,22,16503,686,467
14,23,16504,687,492
14,24,16505,686,518
14,25,16506,686,544
14,26,16507,687,570
14,27,16508,687,596
14,28,16509,686,622
14,29,16510,689,650
14,30,16511,691,677
14,31,16512,691,705
14,32,16513,692,733
15,0,16881,673,27
15,1,16882,675,44
15,2,16883,675,60
15,3,16884,675,74
15,4,16886,674,107
15,5,16887,677,124
15,6,16888,678,143
15,7,16889,679,162
15,8,16890,680,182
15,9,16891,680,200
15,10,16892,680,217
15,11,16893,682,238
15,12,16894,683,261
15,13,16895,685,282
15,14,16896,686,303
15,15,16897,686,325
15,16,16898,685,349
15,17,16899,688,373
15,18,16900,690,394
15,19,16901,692,417
15,20,16902,692,442
15,21,16903,695,466
15,22,16904,695,489
15,23,16905,696,515
15,24,16906,697,540
15,25,16907,697,565
15,26,16908,699,592
15,27,16909,703,613
15,28,16910,706,641
15,29,16911,706,665
15,30,16912,704,701
15,31,16913,707,727
16,0,17297,673,24
16,1,17298,673,39
16,2,17299,676,56
16,3,17300,675,72
16,4,17301,675,87
16,5,17302,675,103
16,6,17303,675,120
16,7,17304,675,139
16,8,17305,676,157
16,9,17306,675,177
16,10,17307,678,196
16,11,17308,678,215
16,12,17309,679,237
16,13,17310,679,257
16,14,17311,682,278
16,15,17312,680,300
16,16,17313,681,320
16,17,17314,682,344
16,18,17315,683,367
16,19,17316,686,390
16,20,17317,686,413
16,21,17318,687,437
16,22,17319,688,461
16,23,17320,689,484
16,24,17321,690,509
16,25,17322,691,535
16,26,17323,692,561
16,27,17324,692,588
16,28,17325,694,612
16,29,17326,696,639
16,30,17327,697,666
16,31,17328,696,694
16,32,17329,699,722
17,0,17762,679,29
17,1,17763,678,44
17,2,17764,679,62
17,3,17765,678,76
17,4,17766,675,90
17,5,17767,676,108
17,6,17768,676,126
17,7,17769,678,145
17,8,17770,678,164
17,9,17771,676,182
17,10,17772,679,203
17,11,17773,678,221
17,12,17774,679,243
17,13,17775,678,263
17,14,17776,680,286
17,15,17777,680,307
17,16,17778,680,329
17,17,17779,681,352
17,18,17780,683,376
17,19,17781,684,399
17,20,17782,684,422
17,21,17783,684,446
17,22,17784,686,470
17,23,17785,686,495
17,24,17786,686,520
17,25,17787,687,546
17,26,17788,689,573
17,27,17789,689,596
17,28,17790,689,623
17,29,17791,691,651
17,30,17792,693,677
17,31,17793,694,706
17,32,17794,695,731
18,0,18119,673,32
18,1,18120,675,48
18,2,18121,675,63
18,3,18122,675,77
18,4,18123,672,92
18,5,18124,672,110
18,6,18125,675,128
18,7,18126,676,147
18,8,18127,677,165
18,9,18128,678,186
18,10,18129,678,204
18,11,18130,680,224
18,12,18131,680,244
18,13,18132,683,263
18,14,18133,685,287
18,15,18134,684,308
18,16,18135,683,328
18,17,18136,686,352
18,18,18137,689,375
18,19,18138,685,397
18,20,18139,690,422
18,21,18140,692,446
18,22,18141,695,470
18,23,18142,694,492
18,24,18143,695,518
18,25,18144,697,544
18,26,18145,698,570
18,27,18146,699,596
18,28,18147,700,621
18,29,18148,700,650
18,30,18149,702,677
18,31,18150,703,705
18,32,18151,706,731
19,0,18501,677,32
19,1,18502,676,47
19,2,18503,677,62
19,3,18504,676,76
19,4,18505,676,94
19,5,18506,675,110
19,6,18507,676,127
19,7,18508,676,146
19,8,18509,677,164
19,9,18510,680,185
19,10,18511,680,203
19,11,18512,680,221
19,12,18513,681,242
19,13,18514,682,262
19,14,18515,683,285
19,15,18516,683,305
19,16,18517,682,326
19,17,18518,683,349
19,18,18519,685,372
19,19,18520,687,394
19,20,18521,689,418
19,21,18522,690,441
19,22,18523,691,465
19,23,18524,692,489
19,24,18525,693,513
19,25,18526,694,539
19,26,18527,696,564
19,27,18528,697,590
19,28,18529,697,615
19,29,18530,698,641
19,30,18531,699,670
19,31,18532,700,698
19,32,18533,701,725
20,0,18890,677,29
20,1,18891,678,44
20,2,18892,681,61
20,3,18893,682,74
20,4,18895,681,104
20,5,18896,684,124
20,6,18897,686,141
20,7,18898,689,161
20,8,18899,690,180
20,9,18900,689,198
20,10,18901,692,218
20,11,18902,691,237
20,12,18903,692,259
20,13,18904,696,280
20,14,18905,695,302
20,15,18906,695,323
20,16,18907,697,346
20,17,18908,698,369
20,18,18909,699,392
20,19,18910,699,416
20,20,18911,701,440
20,21,18912,701,464
20,22,18913,701,488
20,23,18914,701,512
20,24,18915,701,538
20,25,18916,702,564
20,26,18917,704,595
20,27,18918,704,615
20,28,18919,706,637
20,29,18920,704,670
20,30,18921,705,697
20,31,18922,704,725
21,0,19316,674,33
21,1,19317,677,50
21,2,19318,676,65
21,3,19319,677,79
21,4,19320,676,98
21,5,19321,676,114
21,6,19322,676,130
21,7,19323,680,150
21,8,19324,678,170
21,9,19325,680,190
21,10,19326,680,209
21,11,19327,682,226
21,12,19328,682,250
21,13,19329,683,269
21,14,19330,686,293
21,15,19331,685,313
21,16,19332,686,336
21,17,19333,687,359
21,18,19334,690,383
21,19,19335,690,406
21,20,19336,691,429
21,21,19337,692,453
21,22,19338,694,477
21,23,19339,695,502
21,24,19340,696,526
21,25,19341,696,552
21,26,19342,701,580
21,27,19343,707,607
21,28,19344,702,631
21,29,19345,703,654
21,30,19346,703,685
21,31,19347,705,713
22,0,19789,679,31
22,1,19790,678,45
22,2,19791,681,63
22,3,19792,681,77
22,4,19793,678,93
22,5,19794,679,109
22,6,19795,677,128
22,7,19796,678,146
22,8,19797,678,166
22,9,19798,680,185
22,10,19799,679,204
22,11,19800,680,223
22,12,19801,679,244
22,13,19802,677,264
22,14,19803,680,287
22,15,19804,680,309
22,16,19805,680,332
22,17,19806,681,354
22,18,19807,683,377
22,19,19808,684,400
22,20,19809,684,424
22,21,19810,686,448
22,22,19811,686,472
22,23,19812,686,497
22,24,19813,687,522
22,25,19814,689,547
22,26,19815,689,573
22,27,19816,689,599
22,28,19817,690,625
22,29,19818,695,654
22,30,19819,693,681
22,31,19820,697,709
22,32,19821,703,736
23,0,20183,675,27
23,1,20184,679,42
23,2,20185,679,55
23,3,20186,680,73
23,4,20187,678,88
23,5,20188,677,104
23,6,20189,678,116
23,7,20190,681,141
23,8,20191,681,161
23,9,20192,682,180
23,10,20193,680,199
23,11,20194,681,217
23,12,20195,682,239
23,13,20196,682,259
23,14,20197,685,281
23,15,20198,683,303
23,16,20199,683,324
23,17,20200,683,347
23,18,20201,684,369
23,19,20202,685,393
23,20,20203,685,415
23,21,20204,686,440
23,22,20205,688,464
23,23,20206,687,487
23,24,20207,689,512
23,25,20208,689,538
23,26,20209,689,564
23,27,20210,690,590
23,28,20211,692,615
23,29,20212,694,642
23,30,20213,695,669
23,31,20214,697,697
23,32,20215,698,724
24,0,22414,702,22
24,1,22415,703,36
24,2,22416,703,50
24,3,22417,703,64
24,4,22418,704,78
24,5,22419,704,93
24,6,22420,705,111
24,7,22421,705,127
24,8,22422,707,144
24,9,22423,708,162
24,10,22424,707,179
24,11,22425,707,200
24,12,22426,708,215
24,13,22427,711,235
24,14,22428,710,254
24,15,22429,710,275
24,16,22430,710,295
24,17,22431,710,315
24,18,22432,710,337
24,19,22433,710,359
24,20,22434,710,380
24,21,22435,710,401
24,22,22436,711,424
24,23,22437,711,446
24,24,22438,712,470
24,25,22439,712,492
24,26,22440,713,516
24,27,22441,713,540
24,28,22442,714,565
24,29,22443,713,588
24,30,22444,714,614
24,31,22445,716,639
24,32,22446,716,665
24,33,22447,716,691
24,34,22448,718,717
25,0,24046,696,21
25,1,24047,694,31
25,2,24048,696,49
25,3,24049,696,65
25,4,24050,696,79
25,5,24051,696,95
25,6,24052,695,111
25,7,24053,693,124
25,8,24054,697,147
25,9,24055,696,166
25,10,24056,698,184
25,11,24057,698,202
25,12,24058,700,222
25,13,24059,699,243
25,14,24060,700,262
25,15,24061,701,283
25,16,24062,700,305
25,17,24063,699,326
25,18,24064,699,349
25,19,24065,700,371
25,20,24066,701,392
25,21,24067,702,415
25,22,24068,703,439
25,23,24069,704,464
25,24,24070,704,488
25,25,24071,704,510
25,26,24072,705,536
25,27,24073,705,561
25,28,24074,706,586
25,29,24075,708,612
25,30,24076,709,636
25,31,24077,709,663
25,32,24078,710,690
25,33,24079,712,718
26,0,25767,667,21
26,1,25768,669,36
26,2,25769,669,49
26,3,25770,670,66
26,4,25771,669,77
26,5,25772,669,98
26,6,25773,670,114
26,7,25774,670,131
26,8,25775,672,151
26,9,25776,671,168
26,10,25777,672,188
26,11,25778,670,207
26,12,25779,670,226
26,13,25780,671,246
26,14,25781,672,266
26,15,25782,673,289
26,16,25783,672,309
26,17,25784,672,331
26,18,25785,671,353
26,19,25786,674,376
26,20,25787,675,398
26,21,25788,677,420
26,22,25789,677,445
26,23,25790,678,469
26,24,25791,678,492
26,25,25792,680,517
26,26,25793,682,542
26,27,25794,683,567
26,28,25795,685,593
26,29,25796,686,619
26,30,25797,688,644
26,31,25798,688,670
26,32,25799,689,697
26,33,25800,692,723
27,0,26249,672,21
27,1,26250,675,36
27,2,26251,677,49
27,3,26252,680,66
27,4,26255,682,115
27,5,26256,684,132
27,6,26257,683,150
27,7,26258,684,168
27,8,26259,685,187
27,9,26260,686,204
27,10,26261,685,223
27,11,26262,685,244
27,12,26263,686,263
27,13,26264,688,284
27,14,26265,687,305
27,15,26266,686,326
27,16,26267,685,348
27,17,26268,685,370
27,18,26269,684,394
27,19,26270,683,417
27,20,26271,684,439
27,21,26272,684,462
27,22,26273,685,486
27,23,26274,684,510
27,24,26275,684,534
27,25,26276,683,558
27,26,26277,684,583
27,27,26278,685,609
27,28,26279,685,634
27,29,26280,686,660
27,30,26281,686,686
27,31,26282,686,712
27,32,26283,693,736
28,0,27418,671,34
28,1,27419,671,48
28,2,27420,673,64
28,3,27421,673,78
28,4,27422,672,95
28,5,27423,675,109
28,6,27424,671,127
28,7,27425,674,144
28,8,27426,672,163
28,9,27427,672,180
28,10,27428,674,200
28,11,27429,675,219
28,12,27430,673,237
28,13,27431,674,257
28,14,27432,676,278
28,15,27433,676,299
28,16,27434,677,319
28,17,27435,675,342
28,18,27436,676,363
28,19,27437,678,386
28,20,27438,679,407
28,21,27439,680,431
28,22,27440,682,455
28,23,27441,683,476
28,24,27442,683,500
28,25,27443,684,523
28,26,27444,685,549
28,27,27445,686,573
28,28,27446,688,599
28,29,27447,690,623
28,30,27448,691,649
28,31,27449,693,675
28,32,27450,694,700
28,33,27451,697,726
29,0,27880,673,30
29,1,27881,673,44
29,2,27882,674,60
29,3,27883,675,75
29,4,27884,674,91
29,5,27885,672,107
29,6,27886,673,123
29,7,27887,674,139
29,8,27888,673,158
29,9,27889,674,177
29,10,27890,675,196
29,11,27891,676,213
29,12,27892,675,232
29,13,27893,674,253
29,14,27894,674,272
29,15,27895,675,293
29,16,27896,676,314
29,17,27897,675,337
29,18,27898,676,359
29,19,27899,678,380
29,20,27900,678,403
29,21,27901,679,426
29,22,27902,681,448
29,23,27903,681,471
29,24,27904,683,494
29,25,27905,684,519
29,26,27906,685,543
29,27,27907,686,568
29,28,27908,688,594
29,29,27909,689,617
29,30,27910,691,644
29,31,27911,692,668
29,32,27912,693,695
29,33,27913,696,722
30,0,28407,668,40
30,1,28408,670,56
30,2,28409,670,70
30,3,28410,671,85
30,4,28412,671,117
30,5,28413,672,133
30,6,28414,674,152
30,7,28415,676,170
30,8,28416,680,190
30,9,28417,679,208
30,10,28418,679,226
30,11,28419,683,246
30,12,28420,683,266
30,13,28421,688,288
30,14,28422,686,308
30,15,28423,683,329
30,16,28424,686,352
30,17,28425,687,373
30,18,28426,687,396
30,19,28427,690,419
30,20,28428,690,442
30,21,28429,689,466
30,22,28430,691,489
30,23,28431,690,513
30,24,28432,690,537
30,25,28433,691,561
30,26,28434,691,587
30,27,28435,690,612
30,28,28436,692,637
30,29,28437,692,663
30,30,28438,691,689
30,31,28439,693,714
30,32,28440,703,741
31,0,28816,671,28
31,1,28817,671,40
31,2,28818,672,57
31,3,28819,672,73
31,4,28820,670,90
31,5,28821,670,104
31,6,28822,672,122
31,7,28823,673,135
31,8,28824,674,157
31,9,28825,673,175
31,10,28826,674,193
31,11,28827,674,212
31,12,28828,673,228
31,13,28829,674,250
31,14,28830,675,270
31,15,28831,677,291
31,16,28832,677,310
31,17,28833,677,333
31,18,28834,678,355
31,19,28835,679,376
31,20,28836,681,399
31,21,28837,682,422
31,22,28838,683,445
31,23,28839,684,468
31,24,28840,685,492
31,25,28841,686,515
31,26,28842,685,538
31,27,28843,687,565
31,28,28844,687,590
31,29,28845,688,616
31,30,28846,688,641
31,31,28847,688,667
31,32,28848,689,694
31,33,28849,692,719
32,0,29273,672,25
32,1,29274,673,38
32,2,29275,675,52
32,3,29276,676,68
32,4,29277,676,82
32,5,29278,675,99
32,6,29279,676,115
32,7,29280,676,131
32,8,29281,677,150
32,9,29282,676,164
32,10,29283,680,186
32,11,29284,679,203
32,12,29285,679,221
32,13,29286,681,241
32,14,29287,681,262
32,15,29288,683,282
32,16,29289,683,303
32,17,29290,682,323
32,18,29291,684,346
32,19,29292,686,369
32,20,29293,686,391
32,21,29294,687,413
32,22,29295,688,436
32,23,29296,688,460
32,24,29297,688,484
32,25,29298,688,507
32,26,29299,688,532
32,27,29300,689,556
32,28,29301,689,581
32,29,29302,689,607
32,30,29303,688,632
32,31,29304,692,659
32,32,29305,693,684
32,33,29306,695,710
32,34,29307,706,736
33,0,29679,675,26
33,1,29680,675,39
33,2,29681,677,55
33,3,29682,676,69
33,4,29683,676,85
33,5,29684,678,101
33,6,29685,679,118
33,7,29686,681,133
33,8,29687,680,152
33,9,29688,682,170
33,10,29689,682,189
33,11,29690,683,207
33,12,29691,683,226
33,13,29692,683,243
33,14,29693,686,266
33,15,29694,688,286
33,16,29695,688,308
33,17,29696,687,328
33,18,29697,689,351
33,19,29698,690,373
33,20,29699,691,396
33,21,29700,693,418
33,22,29701,693,441
33,23,29702,693,465
33,24,29703,693,489
33,25,29704,694,513
33,26,29705,694,538
33,27,29706,695,563
33,28,29707,695,589
33,29,29708,696,614
33,30,29709,697,640
33,31,29710,697,666
33,32,29711,698,692
33,33,29712,699,719
33,34,29713,708,743
34,0,30810,676,26
34,1,30811,677,39
34,2,30812,676,52
34,3,30813,681,67
34,4,30814,682,82
34,5,30815,681,96
34,6,30816,679,113
34,7,30817,676,131
34,8,30818,677,148
34,9,30819,678,167
34,10,30820,680,186
34,11,30821,678,204
34,12,30822,677,221
34,13,30823,679,242
34,14,30824,679,261
34,15,30825,682,282
34,16,30826,682,303
34,17,30827,681,323
34,18,30828,682,345
34,19,30829,682,367
34,20,30830,684,390
34,21,30831,685,412
34,22,30832,685,435
34,23,30833,684,458
34,24,30834,688,482
34,25,30835,690,505
34,26,30836,691,530
34,27,30837,692,555
34,28,30838,693,579
34,29,30839,694,606
34,30,30840,695,631
34,31,30841,697,658
34,32,30842,698,683
34,33,30843,700,710
34,34,30844,710,737
35,0,31328,674,27
35,1,31329,677,43
35,2,31330,678,56
35,3,31331,677,70
35,4,31332,677,87
35,5,31333,676,104
35,6,31334,677,121
35,7,31335,677,137
35,8,31336,676,155
35,9,31337,678,172
35,10,31338,680,191
35,11,31339,677,210
35,12,31340,676,228
35,13,31341,679,249
35,14,31342,677,267
35,15,31343,680,289
35,16,31344,679,309
35,17,31345,680,331
35,18,31346,680,352
35,19,31347,679,374
35,20,31348,680,397
35,21,31349,682,420
35,22,31350,682,442
35,23,31351,683,466
35,24,31352,685,489
35,25,31353,686,513
35,26,31354,686,537
35,27,31355,686,562
35,28,31356,688,588
35,29,31357,689,613
35,30,31358,689,638
35,31,31359,691,665
35,32,31360,692,691
35,33,31361,694,716
36,0,31804,678,22
36,1,31805,678,37
36,2,31806,680,51
36,3,31807,681,66
36,4,31808,681,81
36,5,31809,682,98
36,6,31810,681,113
36,7,31811,682,128
36,8,31812,683,148
36,9,31813,683,167
36,10,31814,684,188
36,11,31815,683,206
36,12,31816,683,224
36,13,31817,685,242
36,14,31818,683,265
36,15,31819,685,287
36,16,31820,684,308
36,17,31821,686,328
36,18,31822,686,351
36,19,31823,687,374
36,20,31824,686,397
36,21,31825,686,421
36,22,31826,687,443
36,23,31827,688,467
36,24,31828,689,490
36,25,31829,690,516
36,26,31830,691,540
36,27,31831,692,564
36,28,31832,693,591
36,29,31833,693,616
36,30,31834,695,642
36,31,31835,695,669
36,32,31836,698,696
36,33,31837,699,721
37,0,32630,677,41
37,1,32631,679,55
37,2,32632,678,69
37,3,32635,679,114
37,4,32637,679,148
37,5,32638,677,167
37,6,32639,678,187
37,7,32640,675,204
37,8,32641,675,222
37,9,32642,676,243
37,10,32643,675,261
37,11,32644,678,282
37,12,32645,677,303
37,13,32646,677,324
37,14,32647,676,345
37,15,32648,678,366
37,16,32649,679,389
37,17,32650,682,411
37,18,32651,682,432
37,19,32652,684,455
37,20,32653,685,478
37,21,32654,688,501
37,22,32655,689,526
37,23,32656,690,549
37,24,32657,691,574
37,25,32658,690,599
37,26,32659,692,625
37,27,32660,693,650
37,28,32661,696,676
37,29,32662,696,702
37,30,32663,705,728
38,0,33046,674,21
38,1,33047,674,33
38,2,33048,677,48
38,3,33049,675,62
38,4,33052,677,108
38,5,33053,678,125
38,6,33054,678,142
38,7,33055,677,160
38,8,33056,678,179
38,9,33057,679,198
38,10,33058,679,216
38,11,33059,681,236
38,12,33060,682,255
38,13,33061,682,276
38,14,33062,684,297
38,15,33063,684,317
38,16,33064,684,338
38,17,33065,685,361
38,18,33066,687,382
38,19,33067,685,404
38,20,33068,685,427
38,21,33069,690,452
38,22,33070,692,474
38,23,33071,693,499
38,24,33072,694,523
38,25,33073,694,549
38,26,33074,696,572
38,27,33075,696,599
38,28,33076,698,623
38,29,33077,698,649
38,30,33078,701,675
38,31,33079,702,702
38,32,33080,711,726
39,0,33960,662,26
39,1,33961,664,41
39,2,33962,665,56
39,3,33963,665,71
39,4,33964,665,89
39,5,33965,666,101
39,6,33966,665,118
39,7,33967,667,137
39,8,33968,668,154
39,9,33969,667,172
39,10,33970,669,189
39,11,33971,668,209
39,12,33972,670,228
39,13,33973,670,249
39,14,33974,672,268
39,15,33975,673,289
39,16,33976,673,309
39,17,33977,672,331
39,18,33978,672,353
39,19,33979,675,375
39,20,33980,675,398
39,21,33981,678,421
39,22,33982,679,443
39,23,33983,680,466
39,24,33984,681,490
39,25,33985,683,513
39,26,33986,683,539
39,27,33987,685,564
39,28,33988,684,587
39,29,33989,686,613
39,30,33990,687,640
39,31,33991,688,666
39,32,33992,689,691
39,33,33993,691,717
40,0,34743,671,47
40,1,34744,670,64
40,2,34745,673,80
40,3,34746,671,96
40,4,34747,669,110
40,5,34748,672,124
40,6,34749,673,144
40,7,34750,672,164
40,8,34751,675,184
40,9,34752,675,200
40,10,34753,676,219
40,11,34754,678,240
40,12,34755,678,260
40,13,34756,679,280
40,14,34757,681,301
40,15,34758,679,321
40,16,34759,682,344
40,17,34760,684,366
40,18,34761,683,388
40,19,34762,684,411
40,20,34763,683,434
40,21,34764,684,458
40,22,34765,683,481
40,23,34766,684,505
40,24,34767,684,530
40,25,34768,684,555
40,26,34769,684,579
40,27,34770,683,603
40,28,34771,682,628
40,29,34772,685,656
40,30,34773,686,682
40,31,34774,688,709
40,32,34775,687,732
41,0,35323,669,26
41,1,35324,670,41
41,2,35325,670,56
41,3,35326,670,70
41,4,35327,671,88
41,5,35328,670,102
41,6,35329,671,117
41,7,35330,669,136
41,8,35331,670,153
41,9,35332,669,170
41,10,35333,672,190
41,11,35334,671,209
41,12,35335,671,227
41,13,35336,671,248
41,14,35337,672,267
41,15,35338,672,288
41,16,35339,671,309
41,17,35340,670,330
41,18,35341,671,352
41,19,35342,671,373
41,20,35343,671,396
41,21,35344,673,418
41,22,35345,673,440
41,23,35346,673,464
41,24,35347,674,487
41,25,35348,677,512
41,26,35349,678,538
41,27,35350,679,560
41,28,35351,679,587
41,29,35352,680,613
41,30,35353,681,637
41,31,35354,683,664
41,32,35355,683,690
41,33,35356,684,715
41,34,35357,698,742
42,0,35751,669,25
42,1,35752,669,38
42,2,35753,668,54
42,3,35754,669,67
42,4,35755,664,83
42,5,35756,670,98
42,6,35757,670,116
42,7,35758,670,132
42,8,35759,670,151
42,9,35760,671,170
42,10,35761,670,187
42,11,35762,669,206
42,12,35763,671,224
42,13,35764,670,245
42,14,35765,671,263
42,15,35766,672,283
42,16,35767,672,305
42,17,35768,672,326
42,18,35769,671,348
42,19,35770,672,370
42,20,35771,673,392
42,21,35772,673,414
42,22,35773,674,437
42,23,35774,674,460
42,24,35775,675,483
42,25,35776,677,506
42,26,35777,677,530
42,27,35778,679,554
42,28,35779,680,579
42,29,35780,681,604
42,30,35781,683,628
42,31,35782,685,653
42,32,35783,686,679
42,33,35784,687,705
42,34,35785,687,729
43,0,36169,668,31
43,1,36170,668,44
43,2,36171,669,58
43,3,36172,670,73
43,4,36173,669,90
43,5,36174,669,106
43,6,36175,669,122
43,7,36176,668,139
43,8,36177,670,158
43,9,36178,669,174
43,10,36179,669,193
43,11,36180,669,210
43,12,36181,668,230
43,13,36182,669,249
43,14,36183,670,269
43,15,36184,670,290
43,16,36185,671,310
43,17,36186,671,331
43,18,36187,670,353
43,19,36188,671,374
43,20,36189,672,396
43,21,36190,673,419
43,22,36191,674,441
43,23,36192,675,464
43,24,36193,676,487
43,25,36194,676,511
43,26,36195,678,535
43,27,36196,679,559
43,28,36197,681,583
43,29,36198,682,608
43,30,36199,683,633
43,31,36200,684,659
43,32,36201,686,684
43,33,36202,687,709
43,34,36203,699,735
44,0,36585,670,32
44,1,36586,670,46
44,2,36587,671,60
44,3,36588,672,74
44,4,36589,671,91
44,5,36590,670,106
44,6,36591,671,122
44,7,36592,672,138
44,8,36593,673,156
44,9,36594,673,174
44,10,36595,674,193
44,11,36596,674,211
44,12,36597,674,230
44,13,36598,674,250
44,14,36599,675,268
44,15,36600,676,290
44,16,36601,677,311
44,17,36602,676,331
44,18,36603,677,352
44,19,36604,677,375
44,20,36605,679,397
44,21,36606,680,419
44,22,36607,681,442
44,23,36608,682,465
44,24,36609,683,489
44,25,36610,684,513
44,26,36611,686,538
44,27,36612,687,561
44,28,36613,688,585
44,29,36614,688,610
44,30,36615,689,635
44,31,36616,691,663
44,32,36617,691,688
44,33,36618,692,711
44,34,36619,703,738
45,0,37484,663,30
45,1,37485,666,46
45,2,37486,668,60
45,3,37487,668,73
45,4,37488,667,94
45,5,37489,668,108
45,6,37490,669,126
45,7,37491,668,145
45,8,37492,668,163
45,9,37493,669,181
45,10,37494,670,200
45,11,37495,671,219
45,12,37496,673,239
45,13,37497,674,259
45,14,37498,675,278
45,15,37499,676,299
45,16,37500,676,320
45,17,37501,677,341
45,18,37502,679,363
45,19,37503,679,385
45,20,37504,681,408
45,21,37505,682,430
45,22,37506,683,454
45,23,37507,684,477
45,24,37508,686,501
45,25,37509,687,524
45,26,37510,689,548
45,27,37511,689,574
45,28,37512,690,600
45,29,37513,691,624
45,30,37514,693,650
45,31,37515,694,676
45,32,37516,695,701
45,33,37517,696,726
46,0,37866,666,20
46,1,37867,667,36
46,2,37868,669,51
46,3,37869,668,65
46,4,37870,671,79
46,5,37871,671,95
46,6,37872,669,112
46,7,37873,670,130
46,8,37874,670,147
46,9,37875,670,165
46,10,37876,670,185
46,11,37877,671,203
46,12,37878,670,222
46,13,37879,673,243
46,14,37880,673,262
46,15,37881,674,282
46,16,37882,674,304
46,17,37883,673,325
46,18,37884,673,348
46,19,37885,675,370
46,20,37886,674,392
46,21,37887,677,416
46,22,37888,678,439
46,23,37889,679,462
46,24,37890,680,486
46,25,37891,679,507
46,26,37892,681,534
46,27,37893,682,559
46,28,37894,682,583
46,29,37895,683,609
46,30,37896,682,633
46,31,37897,685,659
46,32,37898,685,685
46,33,37899,687,713
46,34,37900,687,735
47,0,38272,668,41
47,1,38273,667,55
47,2,38274,668,70
47,3,38275,666,88
47,4,38276,667,105
47,5,38277,668,119
47,6,38278,669,137
47,7,38279,672,156
47,8,38280,671,174
47,9,38281,672,194
47,10,38282,671,212
47,11,38283,672,231
47,12,38284,674,252
47,13,38285,673,272
47,14,38286,674,293
47,15,38287,672,313
47,16,38288,674,337
47,17,38289,673,359
47,18,38290,675,381
47,19,38291,676,403
47,20,38292,677,427
47,21,38293,678,450
47,22,38294,677,473
47,23,38295,679,497
47,24,38296,679,521
47,25,38297,681,545
47,26,38298,681,570
47,27,38299,682,595
47,28,38300,680,619
47,29,38301,681,643
47,30,38302,684,669
47,31,38303,685,697
47,32,38304,687,723
48,0,38614,669,26
48,1,38615,670,42
48,2,38616,672,58
48,3,38617,673,73
48,4,38618,671,90
48,5,38619,674,105
48,6,38620,675,126
48,7,38621,674,142
48,8,38622,676,162
48,9,38623,675,181
48,10,38624,677,199
48,11,38625,676,218
48,12,38626,677,239
48,13,38627,677,258
48,14,38628,679,281
48,15,38629,678,303
48,16,38630,678,324
48,17,38631,676,345
48,18,38632,677,369
48,19,38633,678,391
48,20,38634,679,414
48,21,38635,678,438
48,22,38636,679,462
48,23,38637,679,486
48,24,38638,679,510
48,25,38639,680,536
48,26,38640,680,561
48,27,38641,680,586
48,28,38642,680,611
48,29,38643,682,637
48,30,38644,683,664
48,31,38645,684,691
48,32,38646,684,716
48,33,38647,686,742
49,0,39004,678,30
49,1,39005,678,45
49,2,39006,679,61
49,3,39007,678,77
49,4,39008,675,93
49,5,39009,676,111
49,6,39010,676,128
49,7,39011,675,146
49,8,39012,674,166
49,9,39013,674,186
49,10,39014,673,205
49,11,39015,672,224
49,12,39016,670,245
49,13,39017,670,265
49,14,39018,668,287
49,15,39019,668,310
49,16,39020,667,332
49,17,39021,667,353
49,18,39022,666,375
49,19,39023,668,398
49,20,39024,668,422
49,21,39025,669,444
49,22,39026,669,468
49,23,39027,670,492
49,24,39028,671,517
49,25,39029,672,542
49,26,39030,673,567
49,27,39031,674,591
49,28,39032,675,617
49,29,39033,676,640
49,30,39034,677,668
49,31,39035,679,696
49,32,39036,680,721
50,0,39502,668,25
50,1,39503,667,38
50,2,39504,669,53
50,3,39505,671,67
50,4,39506,669,85
50,5,39507,671,101
50,6,39508,671,118
50,7,39509,671,134
50,8,39510,671,152
50,9,39511,670,168
50,10,39512,672,188
50,11,39513,672,208
50,12,39514,672,224
50,13,39515,672,246
50,14,39516,672,265
50,15,39517,673,285
50,16,39518,673,307
50,17,39519,672,328
50,18,39520,673,349
50,19,39521,673,370
50,20,39522,674,393
50,21,39523,675,415
50,22,39524,675,438
50,23,39525,676,462
50,24,39526,677,485
50,25,39527,677,508
50,26,39528,679,532
50,27,39529,680,557
50,28,39530,681,581
50,29,39531,682,605
50,30,39532,682,631
50,31,39533,685,657
50,32,39534,685,682
50,33,39535,687,706
50,34,39536,687,733
51,0,39913,665,16
51,1,39914,665,28
51,2,39915,667,43
51,3,39916,665,58
51,4,39917,667,72
51,5,39918,666,89
51,6,39919,666,102
51,7,39920,667,118
51,8,39921,665,136
51,9,39922,666,156
51,10,39923,666,173
51,11,39924,667,192
51,12,39925,666,209
51,13,39926,668,226
51,14,39927,667,248
51,15,39928,668,267
51,16,39929,667,289
51,17,39930,667,309
51,18,39931,668,330
51,19,39932,669,350
51,20,39933,669,371
51,21,39934,670,394
51,22,39935,671,416
51,23,39936,673,438
51,24,39937,673,462
51,25,39938,674,485
51,26,39939,677,508
51,27,39940,677,532
51,28,39941,679,556
51,29,39942,681,579
51,30,39943,682,604
51,31,39944,683,629
51,32,39945,685,655
51,33,39946,686,680
51,34,39947,687,705
51,35,39948,689,728
52,0,40352,667,30
52,1,40353,667,44
52,2,40354,667,61
52,3,40355,667,77
52,4,40356,667,94
52,5,40357,666,110
52,6,40358,666,127
52,7,40359,667,143
52,8,40360,667,163
52,9,40361,667,181
52,10,40362,668,199
52,11,40363,668,218
52,12,40364,668,238
52,13,40365,669,257
52,14,40366,671,278
52,15,40367,671,299
52,16,40368,669,320
52,17,40369,670,342
52,18,40370,672,362
52,19,40371,673,385
52,20,40372,673,408
52,21,40373,675,430
52,22,40374,676,454
52,23,40375,678,477
52,24,40376,679,500
52,25,40377,680,524
52,26,40378,681,548
52,27,40379,683,574
52,28,40380,684,596
52,29,40381,684,622
52,30,40382,686,649
52,31,40383,687,675
52,32,40384,688,699
52,33,40385,691,726
53,0,40749,669,36
53,1,40750,670,50
53,2,40751,670,65
53,3,40752,669,80
53,4,40753,669,97
53,5,40754,669,112
53,6,40755,670,128
53,7,40756,670,147
53,8,40757,670,165
53,9,40758,670,183
53,10,40759,671,202
53,11,40760,671,221
53,12,40761,672,240
53,13,40762,672,260
53,14,40763,673,281
53,15,40764,673,301
53,16,40765,672,323
53,17,40766,672,344
53,18,40767,672,367
53,19,40768,673,389
53,20,40769,675,411
53,21,40770,675,434
53,22,40771,677,457
53,23,40772,678,481
53,24,40773,679,504
53,25,40774,679,528
53,26,40775,681,554
53,27,40776,682,579
53,28,40777,683,602
53,29,40778,684,628
53,30,40779,685,652
53,31,40780,686,681
53,32,40781,687,705
53,33,40782,688,730
54,0,41238,673,23
54,1,41239,675,37
54,2,41240,675,51
54,3,41241,675,65
54,4,41242,674,81
54,5,41243,675,97
54,6,41244,676,114
54,7,41245,676,129
54,8,41246,676,147
54,9,41247,677,165
54,10,41248,680,185
54,11,41249,679,203
54,12,41250,678,220
54,13,41251,678,240
54,14,41252,679,259
54,15,41253,679,279
54,16,41254,681,301
54,17,41255,681,320
54,18,41256,681,342
54,19,41257,683,364
54,20,41258,683,386
54,21,41259,685,408
54,22,41260,685,430
54,23,41261,687,453
54,24,41262,688,476
54,25,41263,689,499
54,26,41264,690,524
54,27,41265,691,548
54,28,41266,693,572
54,29,41267,693,596
54,30,41268,693,621
54,31,41269,697,647
54,32,41270,702,669
54,33,41271,699,699
54,34,41272,699,721
55,0,42199,671,28
55,1,42200,671,43
55,2,42201,670,58
55,3,42202,670,71
55,4,42203,668,87
55,5,42204,668,104
55,6,42205,668,119
55,7,42206,667,136
55,8,42207,669,155
55,9,42208,667,172
55,10,42209,667,191
55,11,42210,667,210
55,12,42211,666,229
55,13,42212,667,249
55,14,42213,667,268
55,15,42214,666,289
55,16,42215,666,310
55,17,42216,665,333
55,18,42217,667,354
55,19,42218,668,375
55,20,42219,670,397
55,21,42220,671,420
55,22,42221,673,443
55,23,42222,674,467
55,24,42223,676,488
55,25,42224,677,513
55,26,42225,679,538
55,27,42226,680,563
55,28,42227,682,587
55,29,42228,683,613
55,30,42229,685,637
55,31,42230,687,663
55,32,42231,689,688
55,33,42232,692,714
56,0,42585,674,25
56,1,42586,674,38
56,2,42587,674,53
56,3,42588,675,68
56,4,42589,675,85
56,5,42590,674,100
56,6,42591,675,117
56,7,42592,674,134
56,8,42593,674,151
56,9,42594,675,170
56,10,42595,676,189
56,11,42596,675,208
56,12,42597,677,225
56,13,42598,676,247
56,14,42599,676,266
56,15,42600,678,287
56,16,42601,678,309
56,17,42602,678,331
56,18,42603,677,352
56,19,42604,678,375
56,20,42605,680,398
56,21,42606,681,420
56,22,42607,683,443
56,23,42608,684,466
56,24,42609,685,490
56,25,42610,686,514
56,26,42611,687,539
56,27,42612,688,563
56,28,42613,690,587
56,29,42614,691,614
56,30,42615,691,639
56,31,42616,693,665
56,32,42617,694,693
56,33,42618,697,717
57,0,43072,674,29
57,1,43073,676,43
57,2,43074,675,58
57,3,43075,675,71
57,4,43076,675,86
57,5,43077,674,100
57,6,43078,675,116
57,7,43079,675,132
57,8,43080,674,148
57,9,43081,674,167
57,10,43082,675,183
57,11,43083,674,202
57,12,43084,676,219
57,13,43085,675,239
57,14,43086,676,258
57,15,43087,677,278
57,16,43088,678,298
57,17,43089,678,318
57,18,43090,679,338
57,19,43091,679,360
57,20,43092,680,382
57,21,43093,680,404
57,22,43094,682,426
57,23,43095,685,450
57,24,43096,686,471
57,25,43097,688,494
57,26,43098,689,518
57,27,43099,690,543
57,28,43100,692,567
57,29,43101,693,591
57,30,43102,694,616
57,31,43103,695,640
57,32,43104,695,665
57,33,43105,697,692
57,34,43106,699,719
58,0,43489,669,32
58,1,43490,670,48
58,2,43491,672,63
58,3,43492,673,77
58,4,43493,670,92
58,5,43494,671,107
58,6,43495,673,122
58,7,43496,671,144
58,8,43497,672,162
58,9,43498,671,180
58,10,43499,674,199
58,11,43500,674,218
58,12,43501,674,238
58,13,43502,675,258
58,14,43503,676,277
58,15,43504,678,299
58,16,43505,677,320
58,17,43506,678,342
58,18,43507,679,364
58,19,43508,680,386
58,20,43509,683,409
58,21,43510,683,432
58,22,43511,685,455
58,23,43512,686,479
58,24,43513,688,503
58,25,43514,689,527
58,26,43515,691,552
58,27,43516,692,577
58,28,43517,693,602
58,29,43518,694,626
58,30,43519,696,654
58,31,43520,697,680
58,32,43521,700,706
58,33,43522,706,732
59,0,44040,675,26
59,1,44041,678,40
59,2,44042,678,52
59,3,44043,678,66
59,4,44045,677,93
59,5,44046,678,107
59,6,44047,679,123
59,7,44048,680,139
59,8,44049,682,157
59,9,44051,682,188
59,10,44052,682,207
59,11,44053,683,226
59,12,44054,686,245
59,13,44055,685,263
59,14,44056,688,284
59,15,44057,687,302
59,16,44058,685,322
59,17,44059,686,343
59,18,44060,685,365
59,19,44061,688,387
59,20,44062,688,409
59,21,44063,685,433
59,22,44065,690,475
59,23,44067,685,522
59,24,44068,687,546
60,0,44511,674,29
60,1,44512,674,43
60,2,44513,677,57
60,3,44514,677,71
60,4,44515,678,84
60,5,44516,677,101
60,6,44517,678,117
60,7,44518,678,131
60,8,44519,680,150
60,9,44520,680,166
60,10,44521,683,185
60,11,44522,681,202
60,12,44523,681,219
60,13,44524,682,239
60,14,44525,685,258
60,15,44526,684,277
60,16,44527,686,298
60,17,44528,686,317
60,18,44529,686,339
60,19,44530,688,359
60,20,44531,689,380
60,21,44532,689,403
60,22,44533,691,425
60,23,44534,693,447
60,24,44535,695,469
60,25,44536,695,493
60,26,44537,695,517
60,27,44538,697,540
60,28,44539,697,565
60,29,44540,699,590
60,30,44541,700,613
60,31,44542,700,639
60,32,44543,700,662
60,33,44544,701,690
60,34,44545,702,715
61,0,45007,683,26
61,1,45008,683,38
61,2,45009,682,53
61,3,45010,683,68
61,4,45011,684,81
61,5,45012,682,98
61,6,45013,681,114
61,7,45014,682,130
61,8,45015,681,149
61,9,45016,682,166
61,10,45017,681,185
61,11,45018,679,204
61,12,45019,680,222
61,13,45020,681,242
61,14,45021,681,261
61,15,45022,680,281
61,16,45023,681,303
61,17,45024,680,323
61,18,45025,680,345
61,19,45026,680,367
61,20,45027,682,388
61,21,45028,683,411
61,22,45029,684,434
61,23,45030,685,457
61,24,45031,686,480
61,25,45032,687,504
61,26,45033,688,528
61,27,45034,689,552
61,28,45035,690,576
61,29,45036,691,601
61,30,45037,692,627
61,31,45038,693,652
61,32,45039,695,679
61,33,45040,696,705
61,34,45041,704,729
62,0,45460,673,34
62,1,45461,675,49
62,2,45462,674,64
62,3,45463,677,78
62,4,45464,676,95
62,5,45465,673,110
62,6,45466,674,127
62,7,45467,676,140
62,8,45468,673,163
62,9,45469,673,180
62,10,45470,676,199
62,11,45471,677,218
62,12,45472,676,239
62,13,45473,677,259
62,14,45474,678,278
62,15,45475,680,298
62,16,45476,679,319
62,17,45477,680,341
62,18,45478,680,362
62,19,45479,681,384
62,20,45480,682,407
62,21,45481,683,429
62,22,45482,685,452
62,23,45483,686,475
62,24,45484,687,498
62,25,45485,688,523
62,26,45486,689,547
62,27,45487,690,572
62,28,45488,692,596
62,29,45489,692,621
62,30,45490,693,648
62,31,45491,694,674
62,32,45492,696,699
62,33,45493,697,725
63,0,46049,685,32
63,1,46050,683,45
63,2,46051,685,59
63,3,46052,684,73
63,4,46053,683,88
63,5,46054,679,104
63,6,46055,680,123
63,7,46056,680,140
63,8,46057,680,158
63,9,46058,679,176
63,10,46059,679,195
63,11,46060,679,213
63,12,46061,678,233
63,13,46062,678,253
63,14,46063,678,273
63,15,46064,678,294
63,16,46065,679,314
63,17,46066,679,336
63,18,46067,679,357
63,19,46068,678,379
63,20,46069,680,402
63,21,46070,681,426
63,22,46071,682,449
63,23,46072,683,472
63,24,46073,684,495
63,25,46074,685,520
63,26,46075,686,544
63,27,46076,687,570
63,28,46077,688,596
63,29,46078,689,620
63,30,46079,689,648
63,31,46080,690,674
63,32,46081,692,701
63,33,46082,692,722
64,0,46482,684,31
64,1,46483,686,47
64,2,46484,688,62
64,3,46485,688,77
64,4,46486,688,91
64,5,46487,685,109
64,6,46488,687,126
64,7,46489,687,142
64,8,46490,688,161
64,9,46491,691,182
64,10,46492,688,198
64,11,46493,687,217
64,12,46494,688,237
64,13,46495,688,257
64,14,46496,687,277
64,15,46497,688,298
64,16,46498,686,319
64,17,46499,686,341
64,18,46500,687,362
64,19,46501,687,384
64,20,46502,687,407
64,21,46503,687,431
64,22,46504,688,455
64,23,46505,689,478
64,24,46506,688,502
64,25,46507,688,526
64,26,46508,689,551
64,27,46509,689,575
64,28,46510,688,601
64,29,46511,689,627
64,30,46512,689,652
64,31,46513,691,679
64,32,46514,692,706
64,33,46515,692,729
65,0,46891,678,24
65,1,46892,677,37
65,2,46893,676,51
65,3,46894,678,68
65,4,46895,678,85
65,5,46896,676,101
65,6,46897,677,117
65,7,46898,676,134
65,8,46899,677,153
65,9,46900,677,171
65,10,46901,677,190
65,11,46902,677,209
65,12,46903,678,226
65,13,46904,677,249
65,14,46905,677,269
65,15,46906,680,291
65,16,46907,680,311
65,17,46908,679,333
65,18,46909,679,355
65,19,46910,678,377
65,20,46911,679,401
65,21,46912,681,423
65,22,46913,682,446
65,23,46914,683,471
65,24,46915,684,495
65,25,46916,686,520
65,26,46917,687,544
65,27,46918,687,568
65,28,46919,688,594
65,29,46920,690,618
65,30,46921,691,645
65,31,46922,692,669
65,32,46923,692,697
65,33,46924,694,722
66,0,47797,687,22
66,1,47798,687,38
66,2,47799,686,54
66,3,47800,685,66
66,4,47801,683,80
66,5,47802,682,98
66,6,47803,681,114
66,7,47804,680,132
66,8,47805,679,149
66,9,47806,677,166
66,10,47807,679,187
66,11,47808,675,205
66,12,47809,676,223
66,13,47810,674,242
66,14,47811,673,263
66,15,47812,674,283
66,16,47813,673,304
66,17,47814,670,327
66,18,47815,671,348
66,19,47816,672,368
66,20,47817,672,391
66,21,47818,674,413
66,22,47819,673,437
66,23,47820,676,459
66,24,47821,677,483
66,25,47822,678,507
66,26,47823,679,532
66,27,47824,680,556
66,28,47825,681,581
66,29,47826,682,606
66,30,47827,683,632
66,31,47828,685,658
66,32,47829,687,685
66,33,47830,690,711
67,0,48292,682,26
67,1,48293,684,41
67,2,48294,684,55
67,3,48295,684,70
67,4,48298,683,115
67,5,48299,685,131
67,6,48300,685,149
67,7,48301,685,167
67,8,48302,685,185
67,9,48303,685,202
67,10,48304,685,221
67,11,48305,686,241
67,12,48306,686,260
67,13,48307,687,280
67,14,48308,688,302
67,15,48309,686,323
67,16,48310,685,345
67,17,48311,687,366
67,18,48312,688,386
67,19,48313,688,408
67,20,48314,689,434
67,21,48315,689,455
67,22,48316,691,481
67,23,48317,691,502
67,24,48318,692,527
67,25,48319,693,553
67,26,48320,693,578
67,27,48321,695,603
67,28,48322,695,628
67,29,48323,696,655
67,30,48324,698,682
67,31,48325,699,708
67,32,48326,707,733
68,0,48740,684,24
68,1,48741,683,39
68,2,48742,684,54
68,3,48743,684,68
68,4,48744,682,85
68,5,48745,681,101
68,6,48746,682,117
68,7,48747,681,134
68,8,48748,682,153
68,9,48749,682,170
68,10,48750,682,190
68,11,48751,682,208
68,12,48752,681,228
68,13,48753,682,249
68,14,48754,682,268
68,15,48755,683,290
68,16,48756,684,311
68,17,48757,684,333
68,18,48758,684,355
68,19,48759,683,377
68,20,48760,684,400
68,21,48761,686,423
68,22,48762,687,447
68,23,48763,688,471
68,24,48764,688,494
68,25,48765,690,519
68,26,48766,691,543
68,27,48767,693,567
68,28,48768,694,593
68,29,48769,695,618
68,30,48770,696,643
68,31,48771,698,670
68,32,48772,699,696
68,33,48773,707,724
69,0,49175,684,20
69,1,49176,686,34
69,2,49177,685,48
69,3,49178,686,62
69,4,49179,685,78
69,5,49180,686,94
69,6,49181,685,112
69,7,49182,685,127
69,8,49183,685,145
69,9,49184,685,164
69,10,49185,686,183
69,11,49186,687,201
69,12,49187,686,220
69,13,49188,686,241
69,14,49189,686,261
69,15,49190,688,282
69,16,49191,688,303
69,17,49192,687,324
69,18,49193,687,346
69,19,49194,686,366
69,20,49195,688,390
69,21,49196,688,413
69,22,49197,689,435
69,23,49198,690,459
69,24,49199,691,483
69,25,49200,692,508
69,26,49201,693,533
69,27,49202,692,555
69,28,49203,693,581
69,29,49204,696,608
69,30,49205,697,634
69,31,49206,699,660
69,32,49207,699,685
69,33,49208,701,712
70,0,49607,680,24
70,1,49608,680,38
70,2,49609,684,55
70,3,49610,683,68
70,4,49613,686,118
70,5,49614,687,134
70,6,49615,689,153
70,7,49616,690,170
70,8,49617,691,191
70,9,49618,691,208
70,10,49619,691,229
70,11,49620,692,249
70,12,49621,693,268
70,13,49622,693,289
70,14,49623,694,310
70,15,49624,692,332
70,16,49625,693,355
70,17,49626,693,377
70,18,49627,695,400
70,19,49628,694,420
70,20,49629,696,446
70,21,49630,697,470
70,22,49631,697,494
70,23,49632,697,519
70,24,49633,697,545
70,25,49634,698,569
70,26,49635,699,595
70,27,49636,699,621
70,28,49637,699,646
70,29,49638,700,673
70,30,49639,702,701
70,31,49640,706,726
71,0,50102,677,24
71,1,50103,676,39
71,2,50104,678,53
71,3,50105,679,69
71,4,50108,679,118
71,5,50109,680,135
71,6,50110,682,153
71,7,50111,682,170
71,8,50112,685,190
71,9,50113,684,208
71,10,50114,685,228
71,11,50115,686,249
71,12,50116,687,268
71,13,50117,688,288
71,14,50118,689,311
71,15,50119,689,333
71,16,50120,690,355
71,17,50121,690,377
71,18,50122,691,401
71,19,50123,693,424
71,20,50124,692,447
71,21,50125,694,470
71,22,50126,694,493
71,23,50127,695,520
71,24,50128,696,545
71,25,50129,697,569
71,26,50130,697,596
71,27,50131,699,620
71,28,50132,699,647
71,29,50133,700,674
71,30,50134,702,702
71,31,50135,707,728
72,0,51150,666,18
72,1,51151,668,34
72,2,51152,670,48
72,3,51153,670,62
72,4,51154,670,76
72,5,51155,669,92
72,6,51156,669,108
72,7,51157,670,126
72,8,51158,671,142
72,9,51159,675,161
72,10,51160,674,178
72,11,51161,677,197
72,12,51162,677,215
72,13,51163,677,234
72,14,51164,679,254
72,15,51165,680,273
72,16,51166,681,295
72,17,51167,683,316
72,18,51168,684,337
72,19,51169,686,358
72,20,51170,687,380
72,21,51171,688,403
72,22,51172,691,426
72,23,51173,693,450
72,24,51174,694,473
72,25,51175,695,497
72,26,51176,697,521
72,27,51177,699,546
72,28,51178,701,572
72,29,51179,702,597
72,30,51180,702,622
72,31,51181,705,649
72,32,51182,706,675
72,33,51183,706,701
72,34,51184,712,728
73,0,52450,670,59
73,1,52454,667,115
73,2,52455,669,130
73,3,52456,670,147
73,4,52457,670,164
73,5,52458,668,181
73,6,52459,673,198
73,7,52460,671,217
73,8,52461,673,235
73,9,52462,674,254
73,10,52463,673,274
73,11,52464,677,294
73,12,52465,676,315
73,13,52466,677,336
73,14,52467,678,358
73,15,52468,679,378
73,16,52469,681,400
73,17,52470,682,421
73,18,52471,684,445
73,19,52472,685,467
73,20,52473,687,490
73,21,52474,688,514
73,22,52475,690,538
73,23,52476,690,562
73,24,52477,692,587
73,25,52478,693,611
73,26,52479,694,637
73,27,52480,695,663
73,28,52481,696,689
73,29,52482,698,714
73,30,52483,709,737
74,0,52986,674,49
74,1,52987,676,63
74,2,52990,671,109
74,3,52991,674,126
74,4,52992,674,144
74,5,52993,674,161
74,6,52994,673,181
74,7,52995,675,199
74,8,52996,673,217
74,9,52997,674,238
74,10,52998,675,257
74,11,52999,675,277
74,12,53000,676,298
74,13,53001,675,320
74,14,53002,675,341
74,15,53003,675,363
74,16,53004,676,385
74,17,53005,676,409
74,18,53006,678,431
74,19,53007,679,454
74,20,53008,681,478
74,21,53009,682,502
74,22,53010,684,527
74,23,53011,685,552
74,24,53012,685,575
74,25,53013,685,601
74,26,53014,685,627
74,27,53015,687,654
74,28,53016,689,681
74,29,53017,689,707
74,30,53018,703,734
